ticker,title,game_date,home_team,away_team,kalshi_team_side,kalshi_prev_price,yes_bid,yes_ask,sb_prob_normed,gap,result,volume,yes_side_won
KXNBAGAME-25DEC25DALGSW-DAL,Dallas vs Golden State Winner?,2025-12-26,Golden State Warriors,Dallas Mavericks,away,0.8,0.0,1.0,0.2584493041749503,-0.5415506958250498,no,679.00,0
KXNBAGAME-25DEC25HOULAL-HOU,Houston vs Los Angeles L Winner?,2025-12-26,Los Angeles Lakers,Houston Rockets,away,0.01,0.0,1.0,0.675,0.665,yes,36196.00,1
KXNBAGAME-25DEC25MINDEN-MIN,Minnesota vs Denver Winner?,2025-12-26,Denver Nuggets,Minnesota Timberwolves,away,0.62,0.0,1.0,0.44871794871794873,-0.17128205128205126,no,802.00,0
KXNBAGAME-25DEC26BOSIND-IND,Boston vs Indiana Winner?,2025-12-27,Indiana Pacers,Boston Celtics,home,0.8,0.0,1.0,0.3771289537712896,-0.42287104622871047,no,1934.00,0
KXNBAGAME-25DEC26LACPOR-POR,Los Angeles C vs Portland Winner?,2025-12-27,Portland Trail Blazers,Los Angeles Clippers,home,0.8,0.0,1.0,0.6194029850746269,-0.18059701492537317,no,745.00,0
KXNBAGAME-25DEC26MILMEM-MIL,Milwaukee vs Memphis Winner?,2025-12-27,Memphis Grizzlies,Milwaukee Bucks,away,0.99,0.0,1.0,0.4524421593830334,-0.5375578406169665,no,100.00,0
KXNBAGAME-25DEC28PHIOKC-PHI,Philadelphia vs Oklahoma City Winner?,2025-12-28,Oklahoma City Thunder,Philadelphia 76ers,away,0.8,0.0,1.0,0.16174402250351616,-0.6382559774964839,no,31827.00,0
KXNBAGAME-25DEC28DETLAC-DET,Detroit vs Los Angeles C Winner?,2025-12-29,Los Angeles Clippers,Detroit Pistons,away,0.69,0.0,1.0,0.4362244897959184,-0.25377551020408157,no,72.00,0
KXNBAGAME-25DEC29DALPOR-DAL,Dallas vs Portland Winner?,2025-12-30,Portland Trail Blazers,Dallas Mavericks,away,0.8,0.0,1.0,0.36097560975609755,-0.4390243902439025,no,4539.00,0
KXNBAGAME-25DEC31MINATL-MIN,Minnesota vs Atlanta Winner?,2025-12-31,Atlanta Hawks,Minnesota Timberwolves,away,0.17,0.0,1.0,0.3195402298850574,0.1495402298850574,no,47000.00,0
KXNBAGAME-25DEC31GSWCHA-GSW,Golden State vs Charlotte Winner?,2025-12-31,Charlotte Hornets,Golden State Warriors,away,0.64,0.0,1.0,0.728395061728395,0.08839506172839495,yes,58200.00,1
KXNBAGAME-25DEC30SACLAC-SAC,Sacramento vs Los Angeles C Winner?,2025-12-31,Los Angeles Lakers,Detroit Pistons,home,0.24,0.0,1.0,0.29515418502202645,0.05515418502202646,no,21170.00,0
KXNBAGAME-25DEC30BOSUTA-UTA,Boston vs Utah Winner?,2025-12-31,Utah Jazz,Boston Celtics,home,0.25,0.0,1.0,0.3150684931506849,0.06506849315068491,no,16676.00,0
KXNBAGAME-25DEC30DETLAL-LAL,Detroit vs Los Angeles L Winner?,2025-12-31,Los Angeles Lakers,Detroit Pistons,home,0.45,0.0,1.0,0.4645669291338583,0.014566929133858264,no,23526.00,0
KXNBAGAME-25DEC31PHXCLE-PHX,Phoenix vs Cleveland Winner?,2025-12-31,Cleveland Cavaliers,Phoenix Suns,away,0.15,0.0,1.0,0.14471968709256847,-0.005280312907431528,no,61821.00,0
KXNBAGAME-25DEC30PHIMEM-PHI,Philadelphia vs Memphis Winner?,2025-12-31,Memphis Grizzlies,Philadelphia 76ers,away,0.83,0.0,1.0,0.4263959390862945,-0.4036040609137055,yes,15953.00,1
KXNBAGAME-25DEC31ORLIND-ORL,Orlando vs Indiana Winner?,2025-12-31,Indiana Pacers,Orlando Magic,away,0.62,0.0,1.0,0.6194029850746269,-0.0005970149253731183,yes,74325.00,1
KXNBAGAME-25DEC31WASMIL-WAS,Washington vs Milwaukee Winner?,2026-01-01,Milwaukee Bucks,Washington Wizards,away,0.6,0.0,1.0,0.16329479768786126,-0.4367052023121387,yes,41514.00,1
KXNBAGAME-25DEC31POROKC-POR,Portland vs Oklahoma City Winner?,2026-01-01,Oklahoma City Thunder,Portland Trail Blazers,away,0.13,0.0,1.0,0.08373205741626794,-0.04626794258373207,no,102600.00,0
KXNBAGAME-25DEC31NYKSAS-SAS,New York vs San Antonio Winner?,2026-01-01,Chicago Bulls,New Orleans Pelicans,away,0.28,0.0,1.0,0.3919597989949749,0.11195979899497488,yes,89016.00,1
KXNBAGAME-25DEC31NOPCHI-NOP,New Orleans vs Chicago Winner?,2026-01-01,Chicago Bulls,New Orleans Pelicans,away,0.25,0.0,1.0,0.3919597989949749,0.1419597989949749,no,42157.00,0
KXNBAGAME-25DEC31DENTOR-TOR,Denver vs Toronto Winner?,2026-01-01,Toronto Raptors,Denver Nuggets,home,0.17,0.0,1.0,0.5663265306122449,0.3963265306122449,no,103860.00,0
KXNBAGAME-26JAN01UTALAC-UTA,Utah vs Los Angeles C Winner?,2026-01-02,Los Angeles Clippers,Utah Jazz,away,0.33,0.0,1.0,0.08771929824561404,-0.24228070175438599,no,131262.00,0
KXNBAGAME-26JAN01PHIDAL-PHI,Philadelphia vs Dallas Winner?,2026-01-02,Dallas Mavericks,Philadelphia 76ers,away,0.98,0.0,1.0,0.588235294117647,-0.391764705882353,yes,78183.00,1
KXNBAGAME-26JAN01MIADET-MIA,Miami vs Detroit Winner?,2026-01-02,Detroit Pistons,Miami Heat,away,0.99,0.0,1.0,0.5,-0.49,yes,74468.00,1
KXNBAGAME-26JAN01HOUBKN-HOU,Houston vs Brooklyn Winner?,2026-01-02,Brooklyn Nets,Houston Rockets,away,0.93,0.0,1.0,0.8465679676985196,-0.08343203230148044,yes,72682.00,1
KXNBAGAME-26JAN01BOSSAC-SAC,Boston vs Sacramento Winner?,2026-01-02,Sacramento Kings,Boston Celtics,home,0.31,0.0,1.0,0.22977941176470584,-0.08022058823529415,no,84872.00,0
KXNBAGAME-26JAN02SASIND-SAS,San Antonio vs Indiana Winner?,2026-01-03,Indiana Pacers,San Antonio Spurs,away,0.97,0.0,1.0,0.6130653266331658,-0.35693467336683415,yes,108846.00,1
KXNBAGAME-26JAN02SACPHX-SAC,Sacramento vs Phoenix Winner?,2026-01-03,Phoenix Suns,Sacramento Kings,away,0.18,0.0,1.0,0.14322580645161292,-0.03677419354838707,no,70753.00,0
KXNBAGAME-26JAN02PORNOP-POR,Portland vs New Orleans Winner?,2026-01-03,New York Knicks,Atlanta Hawks,home,0.9,0.0,1.0,0.28509719222462204,-0.614902807775378,yes,73842.00,1
KXNBAGAME-26JAN02ORLCHI-ORL,Orlando vs Chicago Winner?,2026-01-03,Chicago Bulls,Orlando Magic,away,0.55,0.0,1.0,0.761996161228407,0.21199616122840692,no,49418.00,0
KXNBAGAME-26JAN02OKCGSW-OKC,Oklahoma City vs Golden State Winner?,2026-01-03,Golden State Warriors,Oklahoma City Thunder,away,0.99,0.0,1.0,0.9250180245133381,-0.06498197548666185,yes,112860.00,1
KXNBAGAME-26JAN02MEMLAL-MEM,Memphis vs Los Angeles L Winner?,2026-01-03,Los Angeles Lakers,Memphis Grizzlies,away,0.42,0.0,1.0,0.2544378698224853,-0.1655621301775147,no,54340.00,0
KXNBAGAME-26JAN02DENCLE-DEN,Denver vs Cleveland Winner?,2026-01-03,Cleveland Cavaliers,Denver Nuggets,away,0.44,0.0,1.0,0.10797174571140263,-0.3320282542885974,no,100292.00,0
KXNBAGAME-26JAN02CHAMIL-MIL,Charlotte vs Milwaukee Winner?,2026-01-03,Milwaukee Bucks,Charlotte Hornets,home,0.69,0.0,1.0,0.4554973821989528,-0.23450261780104714,yes,44831.00,1
KXNBAGAME-26JAN02BKNWAS-WAS,Brooklyn vs Washington Winner?,2026-01-03,Washington Wizards,Brooklyn Nets,home,0.99,0.0,1.0,0.726890756302521,-0.263109243697479,yes,66858.00,1
KXNBAGAME-26JAN02ATLNYK-NYK,Atlanta vs New York Winner?,2026-01-03,New York Knicks,Atlanta Hawks,home,0.64,0.0,1.0,0.5907928388746803,-0.049207161125319754,no,70832.00,0
KXNBAGAME-26JAN04DETCLE-DET,Detroit vs Cleveland Winner?,2026-01-04,Cleveland Cavaliers,Detroit Pistons,away,0.67,0.0,1.0,0.28329809725158567,-0.3867019027484144,yes,80917.00,1
KXNBAGAME-26JAN04INDORL-ORL,Indiana vs Orlando Winner?,2026-01-04,Orlando Magic,Indiana Pacers,home,0.9,0.0,1.0,0.5322997416020672,-0.36770025839793286,yes,54930.00,1
KXNBAGAME-26JAN03UTAGSW-UTA,Utah vs Golden State Winner?,2026-01-04,Golden State Warriors,Utah Jazz,away,0.8,0.0,1.0,0.2885032537960954,-0.5114967462039046,no,95085.00,0
KXNBAGAME-26JAN03PORSAS-SAS,Portland vs San Antonio Winner?,2026-01-04,San Antonio Spurs,Portland Trail Blazers,home,0.24,0.0,1.0,0.42894056847545214,0.18894056847545215,no,112977.00,0
KXNBAGAME-26JAN03PHINYK-PHI,Philadelphia vs New York Winner?,2026-01-04,New York Knicks,Philadelphia 76ers,away,0.86,0.0,1.0,0.48941798941798953,-0.37058201058201046,yes,81742.00,1
KXNBAGAME-26JAN04DENBKN-DEN,Denver vs Brooklyn Winner?,2026-01-04,Brooklyn Nets,Denver Nuggets,away,0.57,0.0,1.0,0.4710526315789474,-0.09894736842105256,no,57389.00,0
KXNBAGAME-26JAN03HOUDAL-HOU,Houston vs Dallas Winner?,2026-01-04,Dallas Mavericks,Houston Rockets,away,0.04,0.0,1.0,0.6596736596736597,0.6196736596736596,no,64688.00,0
KXNBAGAME-26JAN03CHACHI-CHI,Charlotte vs Chicago Winner?,2026-01-04,Chicago Bulls,Charlotte Hornets,home,0.43,0.0,1.0,0.7434343434343433,0.31343434343434334,no,36252.00,0
KXNBAGAME-26JAN03BOSLAC-LAC,Boston vs Los Angeles C Winner?,2026-01-04,Los Angeles Clippers,Boston Celtics,home,0.04,0.0,1.0,0.3356481481481481,0.2956481481481481,no,63935.00,0
KXNBAGAME-26JAN03ATLTOR-TOR,Atlanta vs Toronto Winner?,2026-01-04,Toronto Raptors,Atlanta Hawks,home,0.96,0.0,1.0,0.7121212121212122,-0.2478787878787878,yes,56888.00,1
KXNBAGAME-26JAN03MINMIA-MIN,Minnesota vs Miami Winner?,2026-01-04,Miami Heat,Minnesota Timberwolves,away,0.95,0.0,1.0,0.6578947368421053,-0.29210526315789465,yes,72412.00,1
KXNBAGAME-26JAN04MEMLAL-MEM,Memphis vs Los Angeles L Winner?,2026-01-05,Los Angeles Lakers,Memphis Grizzlies,away,0.28,0.0,1.0,0.6506024096385543,0.3706024096385543,no,60767.00,0
KXNBAGAME-26JAN04MILSAC-SAC,Milwaukee vs Sacramento Winner?,2026-01-05,Sacramento Kings,Milwaukee Bucks,home,0.33,0.0,1.0,0.2097902097902098,-0.12020979020979022,no,35148.00,0
KXNBAGAME-26JAN04MINWAS-WAS,Minnesota vs Washington Winner?,2026-01-05,Washington Wizards,Minnesota Timberwolves,home,0.23,0.0,1.0,0.218018018018018,-0.011981981981981998,no,50508.00,0
KXNBAGAME-26JAN04NOPMIA-NOP,New Orleans vs Miami Winner?,2026-01-05,Miami Heat,New Orleans Pelicans,away,0.28,0.0,1.0,0.2765957446808511,-0.003404255319148952,no,46475.00,0
KXNBAGAME-26JAN04OKCPHX-PHX,Oklahoma City vs Phoenix Winner?,2026-01-05,Phoenix Suns,Oklahoma City Thunder,home,0.28,0.0,1.0,0.1499330655957162,-0.13006693440428382,yes,60377.00,1
KXNBAGAME-26JAN05NYKDET-NYK,New York vs Detroit Winner?,2026-01-06,Detroit Pistons,New York Knicks,away,0.8,0.0,1.0,0.4710526315789474,-0.32894736842105265,no,144101.00,0
KXNBAGAME-26JAN05UTAPOR-UTA,Utah vs Portland Winner?,2026-01-06,Portland Trail Blazers,Utah Jazz,away,0.14,0.0,1.0,0.2222222222222222,0.0822222222222222,no,51454.00,0
KXNBAGAME-26JAN05PHXHOU-PHX,Phoenix vs Houston Winner?,2026-01-06,Houston Rockets,Phoenix Suns,away,0.22,0.0,1.0,0.36211031175059955,0.14211031175059954,no,93667.00,0
KXNBAGAME-26JAN05GSWLAC-LAC,Golden State vs Los Angeles C Winner?,2026-01-06,Los Angeles Clippers,Golden State Warriors,home,0.86,0.0,1.0,0.583547557840617,-0.276452442159383,yes,69337.00,1
KXNBAGAME-26JAN05CHAOKC-OKC,Charlotte vs Oklahoma City Winner?,2026-01-06,Oklahoma City Thunder,Charlotte Hornets,home,0.93,0.0,1.0,0.8632478632478633,-0.06675213675213676,no,74411.00,0
KXNBAGAME-26JAN05CHIBOS-CHI,Chicago vs Boston Winner?,2026-01-06,Boston Celtics,Chicago Bulls,away,0.26,0.0,1.0,0.08548387096774195,-0.17451612903225805,no,77445.00,0
KXNBAGAME-26JAN05ATLTOR-TOR,Atlanta vs Toronto Winner?,2026-01-06,Toronto Raptors,Atlanta Hawks,home,0.94,0.0,1.0,0.69438202247191,-0.2456179775280899,yes,46096.00,1
KXNBAGAME-26JAN05DENPHI-PHI,Denver vs Philadelphia Winner?,2026-01-06,Philadelphia 76ers,Denver Nuggets,home,0.53,0.0,1.0,0.8385714285714286,0.3085714285714286,no,96519.00,0
KXNBAGAME-26JAN06CLEIND-IND,Cleveland at Indiana Winner?,2026-01-07,Indiana Pacers,Cleveland Cavaliers,home,0.05,0.0,1.0,0.38669950738916253,0.33669950738916254,no,93994.00,0
KXNBAGAME-26JAN06DALSAC-SAC,Dallas at Sacramento Winner?,2026-01-07,Sacramento Kings,Dallas Mavericks,home,0.53,0.0,1.0,0.5636363636363637,0.033636363636363686,no,45026.00,0
KXNBAGAME-26JAN06LALNOP-NOP,Los Angeles L at New Orleans Winner?,2026-01-07,New Orleans Pelicans,Los Angeles Lakers,home,0.05,0.0,1.0,0.2423664122137405,0.1923664122137405,no,90556.00,0
KXNBAGAME-26JAN06MIAMIN-MIN,Miami at Minnesota Winner?,2026-01-07,Minnesota Timberwolves,Miami Heat,home,0.96,0.0,1.0,0.5798969072164949,-0.38010309278350507,yes,85965.00,1
KXNBAGAME-26JAN06ORLWAS-WAS,Orlando at Washington Winner?,2026-01-07,Washington Wizards,Orlando Magic,home,0.98,0.0,1.0,0.4412532637075718,-0.5387467362924282,yes,45559.00,1
KXNBAGAME-26JAN06SASMEM-SAS,San Antonio at Memphis Winner?,2026-01-07,Memphis Grizzlies,San Antonio Spurs,away,0.67,0.0,1.0,0.7709497206703911,0.1009497206703911,no,69184.00,0
KXNBAGAME-26JAN07ORLBKN-ORL,Orlando at Brooklyn Winner?,2026-01-08,Brooklyn Nets,Orlando Magic,away,0.55,0.0,1.0,0.503957783641161,-0.046042216358839094,yes,49568.00,1
KXNBAGAME-26JAN07UTAOKC-UTA,Utah at Oklahoma City Winner?,2026-01-08,Oklahoma City Thunder,Utah Jazz,away,0.81,0.0,1.0,0.08112324492979721,-0.7288767550702029,no,147587.00,0
KXNBAGAME-26JAN07TORCHA-TOR,Toronto at Charlotte Winner?,2026-01-08,Charlotte Hornets,Toronto Raptors,away,0.43,0.0,1.0,0.5904522613065327,0.16045226130653273,yes,83223.00,1
KXNBAGAME-26JAN07PHXMEM-PHX,Phoenix at Memphis Winner?,2026-01-08,Memphis Grizzlies,Phoenix Suns,away,0.99,0.0,1.0,0.7345679012345678,-0.25543209876543216,yes,40868.00,1
KXNBAGAME-26JAN07NOPATL-NOP,New Orleans at Atlanta Winner?,2026-01-08,Atlanta Hawks,New Orleans Pelicans,away,0.23,0.0,1.0,0.10221793635486984,-0.12778206364513017,no,65263.00,0
KXNBAGAME-26JAN07WASPHI-WAS,Washington at Philadelphia Winner?,2026-01-08,Philadelphia 76ers,Washington Wizards,away,0.22,0.0,1.0,0.13069544364508395,-0.08930455635491605,no,89254.00,0
KXNBAGAME-26JAN07LALSAS-SAS,Los Angeles L at San Antonio Winner?,2026-01-08,San Antonio Spurs,Los Angeles Lakers,home,0.95,0.0,1.0,0.7465069860279441,-0.20349301397205588,yes,109648.00,1
KXNBAGAME-26JAN07LACNYK-NYK,Los Angeles C at New York Winner?,2026-01-08,Atlanta Hawks,New Orleans Pelicans,away,0.85,0.0,1.0,0.10221793635486984,-0.7477820636451301,yes,73330.00,1
KXNBAGAME-26JAN07HOUPOR-POR,Houston at Portland Winner?,2026-01-08,Portland Trail Blazers,Houston Rockets,home,0.69,0.0,1.0,0.33953488372093027,-0.3504651162790697,yes,55281.00,1
KXNBAGAME-26JAN07DENBOS-DEN,Denver at Boston Winner?,2026-01-08,Boston Celtics,Denver Nuggets,away,0.8,0.0,1.0,0.2097902097902098,-0.5902097902097903,yes,140885.00,1
KXNBAGAME-26JAN07CHIDET-DET,Chicago at Detroit Winner?,2026-01-08,Detroit Pistons,Chicago Bulls,home,0.8,0.0,1.0,0.7842105263157895,-0.015789473684210575,yes,74823.00,1
KXNBAGAME-26JAN07MILGSW-MIL,Milwaukee at Golden State Winner?,2026-01-08,Golden State Warriors,Milwaukee Bucks,away,0.8,0.0,1.0,0.26680244399185343,-0.5331975560081466,no,111114.00,0
KXNBAGAME-26JAN08CLEMIN-MIN,Cleveland at Minnesota Winner?,2026-01-09,Minnesota Timberwolves,Cleveland Cavaliers,home,0.97,0.0,1.0,0.39454094292803965,-0.5754590570719603,yes,108760.00,1
KXNBAGAME-26JAN08DALUTA-UTA,Dallas at Utah Winner?,2026-01-09,Utah Jazz,Dallas Mavericks,home,0.96,0.0,1.0,0.6506024096385543,-0.30939759036144565,yes,88505.00,1
KXNBAGAME-26JAN08INDCHA-IND,Indiana at Charlotte Winner?,2026-01-09,Charlotte Hornets,Indiana Pacers,away,0.3,0.0,1.0,0.4881266490765172,0.18812664907651722,yes,71607.00,1
KXNBAGAME-26JAN09TORBOS-TOR,Toronto at Boston Winner?,2026-01-10,Boston Celtics,Toronto Raptors,away,0.08,0.0,1.0,0.1713441654357459,0.0913441654357459,no,113576.00,0
KXNBAGAME-26JAN09SACGSW-SAC,Sacramento at Golden State Winner?,2026-01-10,Golden State Warriors,Sacramento Kings,away,0.02,0.0,1.0,0.17371601208459214,0.15371601208459215,no,168684.00,0
KXNBAGAME-26JAN09PHIORL-PHI,Philadelphia at Orlando Winner?,2026-01-10,Orlando Magic,Philadelphia 76ers,away,0.82,0.0,1.0,0.5471204188481674,-0.27287958115183253,yes,60743.00,1
KXNBAGAME-26JAN09OKCMEM-OKC,Oklahoma City at Memphis Winner?,2026-01-10,Memphis Grizzlies,Oklahoma City Thunder,away,0.19,0.0,1.0,0.32499999999999996,0.13499999999999995,yes,105642.00,1
KXNBAGAME-26JAN09NYKPHX-PHX,New York at Phoenix Winner?,2026-01-10,Phoenix Suns,New York Knicks,home,0.55,0.0,1.0,0.5105820105820106,-0.03941798941798946,yes,50459.00,1
KXNBAGAME-26JAN10MINCLE-MIN,Minnesota at Cleveland Winner?,2026-01-10,Cleveland Cavaliers,Minnesota Timberwolves,away,0.16,0.0,1.0,0.5418848167539266,0.3818848167539266,no,96895.00,0
KXNBAGAME-26JAN09MILLAL-MIL,Milwaukee at Los Angeles L Winner?,2026-01-10,Los Angeles Lakers,Milwaukee Bucks,away,0.47,0.0,1.0,0.4907651715039578,0.020765171503957847,yes,82893.00,1
KXNBAGAME-26JAN09LACBKN-LAC,Los Angeles C at Brooklyn Winner?,2026-01-10,Brooklyn Nets,Los Angeles Clippers,away,0.99,0.0,1.0,0.8852631578947369,-0.10473684210526313,yes,45962.00,1
KXNBAGAME-26JAN09HOUPOR-POR,Houston at Portland Winner?,2026-01-10,Portland Trail Blazers,Houston Rockets,home,0.96,0.0,1.0,0.3771712158808933,-0.5828287841191067,yes,57481.00,1
KXNBAGAME-26JAN09ATLDEN-DEN,Atlanta at Denver Winner?,2026-01-10,Denver Nuggets,Atlanta Hawks,home,0.57,0.0,1.0,0.2654320987654321,-0.30456790123456784,no,74471.00,0
KXNBAGAME-26JAN09NOPWAS-WAS,New Orleans at Washington Winner?,2026-01-10,Washington Wizards,New Orleans Pelicans,home,0.06,0.0,1.0,0.39800995024875624,0.33800995024875624,no,56604.00,0
KXNBAGAME-26JAN11BKNMEM-MEM,Brooklyn at Memphis Winner?,2026-01-11,Memphis Grizzlies,Brooklyn Nets,home,0.7,0.0,1.0,0.810064935064935,0.11006493506493509,yes,38569.00,1
KXNBAGAME-26JAN10SASBOS-SAS,San Antonio at Boston Winner?,2026-01-11,Boston Celtics,San Antonio Spurs,away,0.31,0.0,1.0,0.41538461538461535,0.10538461538461535,yes,38574.00,1
KXNBAGAME-26JAN11NOPORL-ORL,New Orleans at Orlando Winner?,2026-01-11,Orlando Magic,New Orleans Pelicans,home,0.29,0.0,1.0,0.5501285347043702,0.2601285347043702,yes,30614.00,1
KXNBAGAME-26JAN10LACDET-LAC,Los Angeles C at Detroit Winner?,2026-01-11,Detroit Pistons,Los Angeles Clippers,away,0.96,0.0,1.0,0.27422680412371137,-0.6857731958762886,yes,72911.00,1
KXNBAGAME-26JAN10MIAIND-MIA,Miami at Indiana Winner?,2026-01-11,Indiana Pacers,Miami Heat,away,0.14,0.0,1.0,0.3388625592417061,0.1988625592417061,no,49046.00,0
KXNBAGAME-26JAN10DALCHI-DAL,Dallas at Chicago Winner?,2026-01-11,Chicago Bulls,Dallas Mavericks,away,0.44,0.0,1.0,0.273109243697479,-0.16689075630252098,no,44032.00,0
KXNBAGAME-26JAN10CHAUTA-UTA,Charlotte at Utah Winner?,2026-01-11,Utah Jazz,Charlotte Hornets,home,0.62,0.0,1.0,0.023809523809523808,-0.5961904761904762,no,50022.00,0
KXNBAGAME-26JAN11WASPHX-WAS,Washington at Phoenix Winner?,2026-01-12,Phoenix Suns,Washington Wizards,away,0.15,0.0,1.0,0.08274785323965653,-0.06725214676034347,no,34717.00,0
KXNBAGAME-26JAN11SASMIN-SAS,San Antonio at Minnesota Winner?,2026-01-12,Minnesota Timberwolves,San Antonio Spurs,away,0.85,0.0,1.0,0.5809768637532133,-0.26902313624678664,no,25853.00,0
KXNBAGAME-26JAN11NYKPOR-POR,New York at Portland Winner?,2026-01-12,Portland Trail Blazers,New York Knicks,home,0.27,0.0,1.0,0.3567961165048544,0.08679611650485436,no,50764.00,0
KXNBAGAME-26JAN11PHITOR-TOR,Philadelphia at Toronto Winner?,2026-01-12,Toronto Raptors,Philadelphia 76ers,home,0.56,0.0,1.0,0.4464751958224543,-0.11352480417754574,yes,132003.00,1
KXNBAGAME-26JAN11MIAOKC-OKC,Miami at Oklahoma City Winner?,2026-01-12,Oklahoma City Thunder,Miami Heat,home,0.97,0.0,1.0,0.7765567765567766,-0.1934432234432234,yes,74969.00,1
KXNBAGAME-26JAN11HOUSAC-SAC,Houston at Sacramento Winner?,2026-01-12,Sacramento Kings,Houston Rockets,home,0.17,0.0,1.0,0.2654320987654321,0.0954320987654321,yes,248581.00,1
KXNBAGAME-26JAN11ATLGSW-GSW,Atlanta at Golden State Winner?,2026-01-12,Golden State Warriors,Atlanta Hawks,home,0.55,0.0,1.0,0.746,0.19599999999999995,no,41553.00,0
KXNBAGAME-26JAN11MILDEN-MIL,Milwaukee at Denver Winner?,2026-01-12,Denver Nuggets,Milwaukee Bucks,away,0.25,0.0,1.0,0.65311004784689,0.40311004784689,no,188463.00,0
KXNBAGAME-26JAN12BKNDAL-DAL,Brooklyn at Dallas Winner?,2026-01-13,Dallas Mavericks,Brooklyn Nets,home,0.98,0.0,1.0,0.7572815533980582,-0.22271844660194173,yes,116778.00,1
KXNBAGAME-26JAN12BOSIND-IND,Boston at Indiana Winner?,2026-01-13,Indiana Pacers,Boston Celtics,home,0.59,0.0,1.0,0.25656565656565655,-0.3334343434343434,yes,113363.00,1
KXNBAGAME-26JAN12CHALAC-LAC,Charlotte at Los Angeles C Winner?,2026-01-13,Sacramento Kings,Los Angeles Lakers,away,0.65,0.0,1.0,0.5396419437340153,-0.11035805626598472,yes,149324.00,1
KXNBAGAME-26JAN12LALSAC-SAC,Los Angeles L at Sacramento Winner?,2026-01-13,Sacramento Kings,Los Angeles Lakers,home,0.48,0.0,1.0,0.2294776119402985,-0.2505223880597015,yes,200026.00,1
KXNBAGAME-26JAN12PHITOR-TOR,Philadelphia at Toronto Winner?,2026-01-13,Toronto Raptors,Philadelphia 76ers,home,0.65,0.0,1.0,0.15426251691474968,-0.49573748308525034,no,28967.00,0
KXNBAGAME-26JAN12UTACLE-UTA,Utah at Cleveland Winner?,2026-01-13,Cleveland Cavaliers,Utah Jazz,away,0.94,0.0,1.0,0.38059701492537307,-0.5594029850746269,yes,56850.00,1
KXNBAGAME-26JAN13MINMIL-MIN,Minnesota at Milwaukee Winner?,2026-01-14,Milwaukee Bucks,Minnesota Timberwolves,away,0.62,0.0,1.0,0.7769652650822669,0.15696526508226694,yes,52335.00,1
KXNBAGAME-26JAN13DENNOP-NOP,Denver at New Orleans Winner?,2026-01-14,New Orleans Pelicans,Denver Nuggets,home,0.57,0.0,1.0,0.4593175853018373,-0.11068241469816265,no,44645.00,0
KXNBAGAME-26JAN13PHXMIA-PHX,Phoenix at Miami Winner?,2026-01-14,Miami Heat,Phoenix Suns,away,0.04,0.0,1.0,0.3143507972665148,0.27435079726651485,no,62930.00,0
KXNBAGAME-26JAN13ATLLAL-LAL,Atlanta at Los Angeles L Winner?,2026-01-14,Los Angeles Lakers,Atlanta Hawks,home,0.8,0.0,1.0,0.6842105263157895,-0.11578947368421055,yes,438524.00,1
KXNBAGAME-26JAN13CHIHOU-HOU,Chicago at Houston Winner?,2026-01-14,Houston Rockets,Chicago Bulls,home,0.74,0.0,1.0,0.8036605657237937,0.06366056572379375,yes,86035.00,1
KXNBAGAME-26JAN13PORGSW-POR,Portland at Golden State Winner?,2026-01-14,Golden State Warriors,Portland Trail Blazers,away,0.19,0.0,1.0,0.10202117420596729,-0.08797882579403271,no,324273.00,0
KXNBAGAME-26JAN13SASOKC-SAS,San Antonio at Oklahoma City Winner?,2026-01-14,Oklahoma City Thunder,San Antonio Spurs,away,0.17,0.0,1.0,0.23892100192678226,0.06892100192678224,no,138779.00,0
KXNBAGAME-26JAN14BKNNOP-NOP,Brooklyn at New Orleans Winner?,2026-01-15,New Orleans Pelicans,Brooklyn Nets,home,0.4,0.0,1.0,0.41645244215938304,0.01645244215938302,yes,41410.00,1
KXNBAGAME-26JAN14CLEPHI-PHI,Cleveland at Philadelphia Winner?,2026-01-15,Philadelphia 76ers,Cleveland Cavaliers,home,0.85,0.0,1.0,0.28448275862068967,-0.5655172413793104,no,124828.00,0
KXNBAGAME-26JAN14DENDAL-DEN,Denver at Dallas Winner?,2026-01-15,Dallas Mavericks,Denver Nuggets,away,0.99,0.0,1.0,0.7246376811594202,-0.2653623188405798,yes,75913.00,1
KXNBAGAME-26JAN14NYKSAC-SAC,New York at Sacramento Winner?,2026-01-15,Sacramento Kings,New York Knicks,home,0.99,0.0,1.0,0.48677248677248675,-0.5032275132275132,yes,125075.00,1
KXNBAGAME-26JAN14TORIND-TOR,Toronto at Indiana Winner?,2026-01-15,Indiana Pacers,Toronto Raptors,away,0.57,0.0,1.0,0.7509727626459144,0.18097276264591444,yes,621074.00,1
KXNBAGAME-26JAN14UTACHI-UTA,Utah at Chicago Winner?,2026-01-15,Chicago Bulls,Utah Jazz,away,0.45,0.0,1.0,0.3815461346633417,-0.06845386533665831,no,80602.00,0
KXNBAGAME-26JAN14WASLAC-WAS,Washington at Los Angeles C Winner?,2026-01-15,Los Angeles Clippers,Washington Wizards,away,0.8,0.0,1.0,0.05660377358490567,-0.7433962264150944,no,95132.00,0
KXNBAGAME-26JAN15MEMORL-ORL,Memphis at Orlando Winner?,2026-01-15,Orlando Magic,Memphis Grizzlies,home,0.82,0.0,1.0,0.32199546485260766,-0.4980045351473923,yes,45865.00,1
KXNBAGAME-26JAN15UTADAL-UTA,Utah at Dallas Winner?,2026-01-16,Dallas Mavericks,Utah Jazz,away,0.48,0.0,1.0,0.21607142857142855,-0.2639285714285714,no,419797.00,0
KXNBAGAME-26JAN15PHXDET-PHX,Phoenix at Detroit Winner?,2026-01-16,Detroit Pistons,Phoenix Suns,away,0.43,0.0,1.0,0.32407407407407407,-0.10592592592592592,no,465852.00,0
KXNBAGAME-26JAN15OKCHOU-OKC,Oklahoma City at Houston Winner?,2026-01-16,Houston Rockets,Oklahoma City Thunder,away,0.65,0.0,1.0,0.7006651884700665,0.05066518847006651,yes,256884.00,1
KXNBAGAME-26JAN15NYKGSW-NYK,New York at Golden State Winner?,2026-01-16,Golden State Warriors,New York Knicks,away,0.16,0.0,1.0,0.38916256157635476,0.22916256157635476,no,154733.00,0
KXNBAGAME-26JAN15BOSMIA-MIA,Boston at Miami Winner?,2026-01-16,Miami Heat,Boston Celtics,home,0.48,0.0,1.0,0.6271604938271605,0.14716049382716057,no,50475.00,0
KXNBAGAME-26JAN15CHALAL-LAL,Charlotte at Los Angeles L Winner?,2026-01-16,Los Angeles Lakers,Charlotte Hornets,home,0.8,0.0,1.0,0.77959927140255,-0.020400728597450013,no,42168.00,0
KXNBAGAME-26JAN15ATLPOR-POR,Atlanta at Portland Winner?,2026-01-16,Portland Trail Blazers,Atlanta Hawks,home,0.9,0.0,1.0,0.5762273901808785,-0.3237726098191215,yes,39920.00,1
KXNBAGAME-26JAN15MILSAS-SAS,Milwaukee at San Antonio Winner?,2026-01-16,San Antonio Spurs,Milwaukee Bucks,home,0.8,0.0,1.0,0.7006651884700665,-0.09933481152993351,yes,64740.00,1
KXNBAGAME-26JAN16WASSAC-WAS,Washington at Sacramento Winner?,2026-01-17,Sacramento Kings,Washington Wizards,away,0.66,0.0,1.0,0.10331384015594544,-0.5566861598440546,no,50459.00,0
KXNBAGAME-26JAN16MINHOU-MIN,Minnesota at Houston Winner?,2026-01-17,Houston Rockets,Minnesota Timberwolves,away,0.4,0.0,1.0,0.5929648241206029,0.1929648241206029,no,40705.00,0
KXNBAGAME-26JAN16NOPIND-NOP,New Orleans at Indiana Winner?,2026-01-17,Indiana Pacers,New Orleans Pelicans,away,0.37,0.0,1.0,0.26016260162601623,-0.10983739837398376,no,41016.00,0
KXNBAGAME-26JAN16CLEPHI-PHI,Cleveland at Philadelphia Winner?,2026-01-17,Philadelphia 76ers,Cleveland Cavaliers,home,0.66,0.0,1.0,0.6689655172413794,0.008965517241379395,no,41755.00,0
KXNBAGAME-26JAN16CHIBKN-CHI,Chicago at Brooklyn Winner?,2026-01-17,Brooklyn Nets,Chicago Bulls,away,0.47,0.0,1.0,0.2832618025751073,-0.18673819742489267,no,36960.00,0
KXNBAGAME-26JAN16LACTOR-TOR,Los Angeles C at Toronto Winner?,2026-01-17,Toronto Raptors,Los Angeles Clippers,home,0.72,0.0,1.0,0.6849315068493151,-0.03506849315068483,no,36639.00,0
KXNBAGAME-26JAN18ORLMEM-ORL,Orlando at Memphis Winner?,2026-01-18,Memphis Grizzlies,Orlando Magic,away,0.04,0.0,1.0,0.0854353132628153,0.045435313262815295,no,48296.00,0
KXNBAGAME-26JAN17UTADAL-UTA,Utah at Dallas Winner?,2026-01-18,Dallas Mavericks,Utah Jazz,away,0.45,0.0,1.0,0.19148936170212766,-0.25851063829787235,no,20625.00,0
KXNBAGAME-26JAN17PHXNYK-PHX,Phoenix at New York Winner?,2026-01-18,New York Knicks,Phoenix Suns,away,0.6,0.0,1.0,0.583547557840617,-0.01645244215938302,yes,27400.00,1
KXNBAGAME-26JAN17OKCMIA-OKC,Oklahoma City at Miami Winner?,2026-01-18,Miami Heat,Oklahoma City Thunder,away,0.76,0.0,1.0,0.8553137003841229,0.0953137003841229,no,38864.00,0
KXNBAGAME-26JAN17WASDEN-WAS,Washington at Denver Winner?,2026-01-18,Denver Nuggets,Washington Wizards,away,0.53,0.0,1.0,0.16787264833574528,-0.36212735166425475,no,26171.00,0
KXNBAGAME-26JAN17LALPOR-POR,Los Angeles L at Portland Winner?,2026-01-18,Portland Trail Blazers,Los Angeles Lakers,home,0.96,0.0,1.0,0.7709497206703911,-0.18905027932960883,yes,26105.00,1
KXNBAGAME-26JAN17INDDET-IND,Indiana at Detroit Winner?,2026-01-18,Detroit Pistons,Indiana Pacers,away,0.08,0.0,1.0,0.028848900314195947,-0.05115109968580406,no,32678.00,0
KXNBAGAME-26JAN17CHAGSW-GSW,Charlotte at Golden State Winner?,2026-01-18,Golden State Warriors,Charlotte Hornets,home,0.95,0.0,1.0,0.7838312829525483,-0.16616871704745162,yes,16255.00,1
KXNBAGAME-26JAN17BOSATL-BOS,Boston at Atlanta Winner?,2026-01-18,Atlanta Hawks,Boston Celtics,away,0.87,0.0,1.0,0.7761467889908258,-0.09385321100917421,yes,15200.00,1
KXNBAGAME-26JAN17MINSAS-SAS,Minnesota at San Antonio Winner?,2026-01-18,San Antonio Spurs,Minnesota Timberwolves,home,0.68,0.0,1.0,0.7662337662337663,0.08623376623376622,yes,36260.00,1
KXNBAGAME-26JAN18BKNCHI-CHI,Brooklyn at Chicago Winner?,2026-01-19,Chicago Bulls,Brooklyn Nets,home,0.95,0.0,1.0,0.8639125151883355,-0.0860874848116645,yes,20289.00,1
KXNBAGAME-26JAN18CHADEN-DEN,Charlotte at Denver Winner?,2026-01-19,Denver Nuggets,Charlotte Hornets,home,0.36,0.0,1.0,0.22385321100917432,-0.13614678899082566,no,53199.00,0
KXNBAGAME-26JAN18NOPHOU-NOP,New Orleans at Houston Winner?,2026-01-19,Houston Rockets,New Orleans Pelicans,away,0.09,0.0,1.0,0.18209876543209874,0.09209876543209874,no,35849.00,0
KXNBAGAME-26JAN19MILATL-MIL,Milwaukee at Atlanta Winner?,2026-01-19,Atlanta Hawks,Milwaukee Bucks,away,0.8,0.0,1.0,0.7563352826510722,-0.04366471734892785,yes,37915.00,1
KXNBAGAME-26JAN18PORSAC-SAC,Portland at Sacramento Winner?,2026-01-19,Sacramento Kings,Portland Trail Blazers,home,0.06,0.0,1.0,0.4528795811518324,0.3928795811518324,no,81498.00,0
KXNBAGAME-26JAN18TORLAL-TOR,Toronto at Los Angeles L Winner?,2026-01-19,Los Angeles Lakers,Toronto Raptors,away,0.5,0.0,1.0,0.4253164556962025,-0.07468354430379748,no,38374.00,0
KXNBAGAME-26JAN19OKCCLE-OKC,Oklahoma City at Cleveland Winner?,2026-01-19,Cleveland Cavaliers,Oklahoma City Thunder,away,0.97,0.0,1.0,0.7519685039370079,-0.2180314960629921,yes,43075.00,1
KXNBAGAME-26JAN19LACWAS-WAS,Los Angeles C at Washington Winner?,2026-01-19,Washington Wizards,Los Angeles Clippers,home,0.51,0.0,1.0,0.3195402298850574,-0.19045977011494258,no,14625.00,0
KXNBAGAME-26JAN19UTASAS-UTA,Utah at San Antonio Winner?,2026-01-20,San Antonio Spurs,Utah Jazz,away,0.51,0.0,1.0,0.135102533172497,-0.374897466827503,no,23482.00,0
KXNBAGAME-26JAN19PHXBKN-PHX,Phoenix at Brooklyn Winner?,2026-01-20,Brooklyn Nets,Phoenix Suns,away,0.78,0.0,1.0,0.9187739463601532,0.13877394636015317,yes,16021.00,1
KXNBAGAME-26JAN19MIAGSW-MIA,Miami at Golden State Winner?,2026-01-20,Golden State Warriors,Miami Heat,away,0.8,0.0,1.0,0.41538461538461535,-0.3846153846153847,no,33658.00,0
KXNBAGAME-26JAN19INDPHI-PHI,Indiana at Philadelphia Winner?,2026-01-20,Philadelphia 76ers,Indiana Pacers,home,0.73,0.0,1.0,0.5412371134020618,-0.18876288659793816,yes,24517.00,1
KXNBAGAME-26JAN19DALNYK-NYK,Dallas at New York Winner?,2026-01-20,New York Knicks,Dallas Mavericks,home,0.45,0.0,1.0,0.6964285714285715,0.2464285714285715,no,31179.00,0
KXNBAGAME-26JAN19BOSDET-DET,Boston at Detroit Winner?,2026-01-20,Detroit Pistons,Boston Celtics,home,0.57,0.0,1.0,0.4593175853018373,-0.11068241469816265,yes,29081.00,1
KXNBAGAME-26JAN20SASHOU-SAS,San Antonio at Houston Winner?,2026-01-21,Houston Rockets,San Antonio Spurs,away,0.8,0.0,1.0,0.5199999999999999,-0.28000000000000014,no,72643.00,0
KXNBAGAME-26JAN20PHXPHI-PHX,Phoenix at Philadelphia Winner?,2026-01-21,Philadelphia 76ers,Phoenix Suns,away,0.82,0.0,1.0,0.606060606060606,-0.21393939393939398,yes,82590.00,1
KXNBAGAME-26JAN20MINUTA-UTA,Minnesota at Utah Winner?,2026-01-21,Utah Jazz,Minnesota Timberwolves,home,0.99,0.0,1.0,0.12733644859813084,-0.8626635514018691,yes,80441.00,1
KXNBAGAME-26JAN20TORGSW-TOR,Toronto at Golden State Winner?,2026-01-21,Golden State Warriors,Toronto Raptors,away,0.99,0.0,1.0,0.7615384615384616,-0.22846153846153838,yes,46821.00,1
KXNBAGAME-26JAN20LALDEN-LAL,Los Angeles L at Denver Winner?,2026-01-21,Denver Nuggets,Los Angeles Lakers,away,0.6,0.0,1.0,0.43376623376623374,-0.16623376623376623,yes,83141.00,1
KXNBAGAME-26JAN20LACCHI-LAC,Los Angeles C at Chicago Winner?,2026-01-21,Chicago Bulls,Los Angeles Clippers,away,0.18,0.0,1.0,0.30561797752808995,0.12561797752808995,no,36052.00,0
KXNBAGAME-26JAN20MIASAC-SAC,Miami at Sacramento Winner?,2026-01-21,Sacramento Kings,Miami Heat,home,0.06,0.0,1.0,0.2676348547717842,0.20763485477178423,no,66837.00,0
KXNBAGAME-26JAN21ATLMEM-MEM,Atlanta at Memphis Winner?,2026-01-22,Memphis Grizzlies,Atlanta Hawks,home,0.48,0.48,0.51,0.4792746113989638,-0.0007253886010361588,no,233313.00,0
KXNBAGAME-26JAN21BKNNYK-NYK,Brooklyn at New York Winner?,2026-01-22,New York Knicks,Brooklyn Nets,home,0.97,0.85,1.0,0.96875,-0.0012499999999999734,yes,46457.00,1
KXNBAGAME-26JAN21CLECHA-CLE,Cleveland at Charlotte Winner?,2026-01-22,Charlotte Hornets,Cleveland Cavaliers,away,0.9,0.89,0.9,0.791095890410959,-0.10890410958904106,yes,123379.00,1
KXNBAGAME-26JAN21DETNOP-NOP,Detroit at New Orleans Winner?,2026-01-22,New York Knicks,Brooklyn Nets,home,0.22,0.21,0.22,0.972972972972973,0.752972972972973,no,50807.00,0
KXNBAGAME-26JAN21INDBOS-IND,Indiana at Boston Winner?,2026-01-22,Boston Celtics,Indiana Pacers,away,0.19,0.08,0.18,0.11449579831932775,-0.07550420168067225,no,110425.00,0
KXNBAGAME-26JAN21OKCMIL-OKC,Oklahoma City at Milwaukee Winner?,2026-01-22,Milwaukee Bucks,Oklahoma City Thunder,away,0.82,0.0,1.0,0.8655256723716381,0.04552567237163818,yes,32520.00,1
KXNBAGAME-26JAN21TORSAC-TOR,Toronto at Sacramento Winner?,2026-01-22,Sacramento Kings,Toronto Raptors,away,0.65,0.0,1.0,0.39294710327455923,-0.2570528967254408,yes,43780.00,1
KXNBAGAME-26JAN22SASUTA-UTA,San Antonio at Utah Winner?,2026-01-23,Utah Jazz,San Antonio Spurs,home,0.18,0.0,1.0,0.2606924643584521,0.08069246435845212,no,312405.00,0
KXNBAGAME-26JAN22LALLAC-LAL,Los Angeles L at Los Angeles C Winner?,2026-01-23,Los Angeles Clippers,Los Angeles Lakers,away,0.5,0.0,1.0,0.34855769230769235,-0.15144230769230765,no,418211.00,0
KXNBAGAME-26JAN22MIAPOR-POR,Miami at Portland Winner?,2026-01-23,Portland Trail Blazers,Miami Heat,home,0.58,0.0,1.0,0.7094017094017093,0.12940170940170936,yes,905048.00,1
KXNBAGAME-26JAN22HOUPHI-PHI,Houston at Philadelphia Winner?,2026-01-23,Philadelphia 76ers,Houston Rockets,home,0.45,0.0,1.0,0.420253164556962,-0.029746835443038022,yes,44737.00,1
KXNBAGAME-26JAN22CHIMIN-MIN,Chicago at Minnesota Winner?,2026-01-23,Minnesota Timberwolves,Chicago Bulls,home,0.01,0.0,1.0,0.8108108108108107,0.8008108108108107,no,213918.00,0
KXNBAGAME-26JAN22DENWAS-WAS,Denver at Washington Winner?,2026-01-23,Washington Wizards,Denver Nuggets,home,0.12,0.0,1.0,0.2584493041749503,0.13844930417495033,no,115474.00,0
KXNBAGAME-26JAN22CHAORL-ORL,Charlotte at Orlando Winner?,2026-01-23,Orlando Magic,Charlotte Hornets,home,0.39,0.0,1.0,0.3248259860788863,-0.06517401392111372,no,655194.00,0
KXNBAGAME-26JAN22GSWDAL-GSW,Golden State at Dallas Winner?,2026-01-23,Dallas Mavericks,Golden State Warriors,away,0.67,0.0,1.0,0.6893424036281179,0.0193424036281179,no,537756.00,0
KXNBAGAME-26JAN23TORPOR-TOR,Toronto at Portland Winner?,2026-01-24,Portland Trail Blazers,Toronto Raptors,away,0.66,0.0,1.0,0.6936936936936937,0.03369369369369368,yes,214260.00,1
KXNBAGAME-26JAN23SACCLE-SAC,Sacramento at Cleveland Winner?,2026-01-24,Cleveland Cavaliers,Sacramento Kings,away,0.27,0.0,1.0,0.23076923076923078,-0.039230769230769236,no,795903.00,0
KXNBAGAME-26JAN23PHXATL-PHX,Phoenix at Atlanta Winner?,2026-01-24,Atlanta Hawks,Phoenix Suns,away,0.6,0.0,1.0,0.5145118733509234,-0.08548812664907657,no,91616.00,0
KXNBAGAME-26JAN23INDOKC-OKC,Indiana at Oklahoma City Winner?,2026-01-24,Oklahoma City Thunder,Indiana Pacers,home,0.2,0.0,1.0,0.5772151898734177,0.3772151898734177,no,402588.00,0
KXNBAGAME-26JAN23NOPMEM-NOP,New Orleans at Memphis Winner?,2026-01-24,Memphis Grizzlies,New Orleans Pelicans,away,0.58,0.0,1.0,0.34688995215311,-0.23311004784688993,yes,460509.00,1
KXNBAGAME-26JAN23DENMIL-MIL,Denver at Milwaukee Winner?,2026-01-24,Milwaukee Bucks,Denver Nuggets,home,0.13,0.0,1.0,0.69438202247191,0.56438202247191,no,728807.00,0
KXNBAGAME-26JAN23BOSBKN-BOS,Boston at Brooklyn Winner?,2026-01-24,Brooklyn Nets,Boston Celtics,away,0.77,0.0,1.0,0.7114967462039045,-0.058503253796095556,yes,407130.00,1
KXNBAGAME-26JAN23HOUDET-HOU,Houston at Detroit Winner?,2026-01-24,Detroit Pistons,Houston Rockets,away,0.4,0.0,1.0,0.5380577427821522,0.13805774278215222,yes,100320.00,1
KXNBAGAME-26JAN24NYKPHI-PHI,New York at Philadelphia Winner?,2026-01-24,Philadelphia 76ers,New York Knicks,home,0.5,0.0,1.0,0.5038961038961038,0.003896103896103842,no,143115.00,0
KXNBAGAME-26JAN25SACDET-SAC,Sacramento at Detroit Winner?,2026-01-25,Detroit Pistons,Sacramento Kings,away,0.22,0.0,1.0,0.15426251691474968,-0.06573748308525032,no,74941.00,0
KXNBAGAME-26JAN24MIAUTA-UTA,Miami at Utah Winner?,2026-01-25,Utah Jazz,Miami Heat,home,0.33,0.0,1.0,0.28329809725158567,-0.04670190274841435,no,58836.00,0
KXNBAGAME-26JAN24BOSCHI-CHI,Boston at Chicago Winner?,2026-01-25,Chicago Bulls,Boston Celtics,home,0.98,0.0,1.0,0.4581151832460733,-0.5218848167539267,yes,348760.00,1
KXNBAGAME-26JAN24CLEORL-ORL,Cleveland at Orlando Winner?,2026-01-25,Orlando Magic,Cleveland Cavaliers,home,0.52,0.0,1.0,0.4844559585492228,-0.03554404145077722,no,176425.00,0
KXNBAGAME-26JAN24GSWMIN-MIN,Golden State at Minnesota Winner?,2026-01-25,Minnesota Timberwolves,Golden State Warriors,home,0.69,0.0,1.0,0.6572769953051644,-0.03272300469483558,no,172136.00,0
KXNBAGAME-26JAN24LALDAL-LAL,Los Angeles L at Dallas Winner?,2026-01-25,Dallas Mavericks,Los Angeles Lakers,away,0.61,0.0,1.0,0.7394789579158315,0.12947895791583153,yes,154273.00,1
KXNBAGAME-26JAN25NOPSAS-SAS,New Orleans at San Antonio Winner?,2026-01-26,San Antonio Spurs,New Orleans Pelicans,home,0.84,0.0,1.0,0.797962648556876,-0.04203735144312393,no,47039.00,0
KXNBAGAME-26JAN25BKNLAC-LAC,Brooklyn at Los Angeles C Winner?,2026-01-26,Los Angeles Clippers,Brooklyn Nets,home,0.8,0.0,1.0,0.9711510996858042,0.1711510996858041,yes,49171.00,1
KXNBAGAME-26JAN25MIAPHX-PHX,Miami at Phoenix Winner?,2026-01-26,Phoenix Suns,Miami Heat,home,0.63,0.0,1.0,0.4352331606217616,-0.1947668393782384,no,83442.00,0
KXNBAGAME-26JAN25TOROKC-TOR,Toronto at Oklahoma City Winner?,2026-01-26,Oklahoma City Thunder,Toronto Raptors,away,0.24,0.0,1.0,0.24854368932038837,0.008543689320388376,yes,69569.00,1
KXNBAGAME-26JAN26PORBOS-POR,Portland at Boston Winner?,2026-01-27,Boston Celtics,Portland Trail Blazers,away,0.26,0.0,1.0,0.09341637010676156,-0.16658362989323844,no,59735.00,0
KXNBAGAME-26JAN26GSWMIN-MIN,Golden State at Minnesota Winner?,2026-01-27,Minnesota Timberwolves,Golden State Warriors,home,0.81,0.0,1.0,0.755859375,-0.05414062500000005,yes,244266.00,1
KXNBAGAME-26JAN26LALCHI-LAL,Los Angeles L at Chicago Winner?,2026-01-27,Chicago Bulls,Los Angeles Lakers,away,0.8,0.0,1.0,0.8120063191153238,0.012006319115323794,yes,347390.00,1
KXNBAGAME-26JAN26MEMHOU-MEM,Memphis at Houston Winner?,2026-01-27,Houston Rockets,Memphis Grizzlies,away,0.22,0.0,1.0,0.2725366876310273,0.052536687631027285,no,57798.00,0
KXNBAGAME-26JAN26ORLCLE-ORL,Orlando at Cleveland Winner?,2026-01-27,Cleveland Cavaliers,Orlando Magic,away,0.06,0.0,1.0,0.5328083989501312,0.4728083989501312,no,263763.00,0
KXNBAGAME-26JAN26PHICHA-PHI,Philadelphia at Charlotte Winner?,2026-01-27,Philadelphia 76ers,Milwaukee Bucks,home,0.54,0.0,1.0,0.7604562737642586,0.22045627376425858,no,77417.00,0
KXNBAGAME-26JAN27SACNYK-SAC,Sacramento at New York Winner?,2026-01-28,New York Knicks,Sacramento Kings,away,0.13,0.0,1.0,0.1294536817102138,-0.0005463182897862129,no,339465.00,0
KXNBAGAME-26JAN27PORWAS-WAS,Portland at Washington Winner?,2026-01-28,Washington Wizards,Portland Trail Blazers,home,0.3,0.3,1.0,0.35096153846153844,0.05096153846153845,yes,423730.00,1
KXNBAGAME-26JAN27BKNPHX-PHX,Brooklyn at Phoenix Winner?,2026-01-28,Phoenix Suns,Brooklyn Nets,home,0.77,0.0,1.0,0.65807962529274,-0.11192037470726002,yes,243916.00,1
KXNBAGAME-26JAN27DETDEN-DET,Detroit at Denver Winner?,2026-01-28,Denver Nuggets,Detroit Pistons,away,0.7,0.0,1.0,0.8801742919389978,0.1801742919389978,yes,254086.00,1
KXNBAGAME-26JAN27NOPOKC-OKC,New Orleans at Oklahoma City Winner?,2026-01-28,New York Knicks,Sacramento Kings,home,0.86,0.0,1.0,0.8009868421052632,-0.05901315789473682,yes,50418.00,1
KXNBAGAME-26JAN27LACUTA-UTA,Los Angeles C at Utah Winner?,2026-01-28,Utah Jazz,Los Angeles Clippers,home,0.26,0.0,1.0,0.4238578680203045,0.1638578680203045,no,437961.00,0
KXNBAGAME-26JAN27MILPHI-PHI,Milwaukee at Philadelphia Winner?,2026-01-28,Philadelphia 76ers,Milwaukee Bucks,home,0.78,0.0,1.0,0.831360946745562,0.05136094674556202,yes,547185.00,1
KXNBAGAME-26JAN28NYKTOR-TOR,New York at Toronto Winner?,2026-01-29,Toronto Raptors,New York Knicks,home,0.55,0.47,0.53,0.7615384615384616,0.21153846153846156,no,1206020.00,0
KXNBAGAME-26JAN28MINDAL-MIN,Minnesota at Dallas Winner?,2026-01-29,Dallas Mavericks,Minnesota Timberwolves,away,0.7,0.7,0.72,0.7785714285714286,0.07857142857142863,yes,433874.00,1
KXNBAGAME-26JAN28ATLBOS-BOS,Atlanta at Boston Winner?,2026-01-29,Boston Celtics,Atlanta Hawks,home,0.68,0.32,0.39,0.327906976744186,-0.35209302325581404,no,385864.00,0
KXNBAGAME-26JAN28GSWUTA-UTA,Golden State at Utah Winner?,2026-01-29,Utah Jazz,Golden State Warriors,home,0.29,0.25,0.27,0.20307167235494883,-0.08692832764505115,no,721969.00,0
KXNBAGAME-26JAN28ORLMIA-ORL,Orlando at Miami Winner?,2026-01-29,Miami Heat,Orlando Magic,away,0.43,0.42,0.43,0.6070528967254408,0.17705289672544083,yes,198077.00,1
KXNBAGAME-26JAN28CHIIND-IND,Chicago at Indiana Winner?,2026-01-29,Indiana Pacers,Chicago Bulls,home,0.43,0.62,0.69,0.3302107728337237,-0.0997892271662763,yes,568690.00,1
KXNBAGAME-26JAN28LALCLE-LAL,Los Angeles L at Cleveland Winner?,2026-01-29,Cleveland Cavaliers,Los Angeles Lakers,away,0.43,0.38,0.41,0.5846153846153845,0.15461538461538454,no,490262.00,0
KXNBAGAME-26JAN28SASHOU-SAS,San Antonio at Houston Winner?,2026-01-29,Houston Rockets,San Antonio Spurs,away,0.41,0.41,0.43,0.2759336099585062,-0.1340663900414938,yes,1291147.00,1
KXNBAGAME-26JAN28CHAMEM-MEM,Charlotte at Memphis Winner?,2026-01-29,Memphis Grizzlies,Charlotte Hornets,home,0.01,0.43,0.45,0.37810945273631846,0.36810945273631845,no,1037310.00,0
KXNBAGAME-26JAN29DETPHX-PHX,Detroit at Phoenix Winner?,2026-01-30,Phoenix Suns,Detroit Pistons,home,0.69,0.0,1.0,0.6689655172413794,-0.02103448275862052,yes,260525.00,1
KXNBAGAME-26JAN29CHADAL-DAL,Charlotte at Dallas Winner?,2026-01-30,Dallas Mavericks,Charlotte Hornets,home,0.44,0.0,1.0,0.26875,-0.17125,no,95313.00,0
KXNBAGAME-26JAN29BKNDEN-DEN,Brooklyn at Denver Winner?,2026-01-30,Denver Nuggets,Brooklyn Nets,home,0.71,0.0,1.0,0.7246376811594202,0.014637681159420213,yes,116232.00,1
KXNBAGAME-26JAN29MIACHI-MIA,Miami at Chicago Winner?,2026-01-30,Chicago Bulls,Miami Heat,away,0.82,0.0,1.0,0.6627906976744187,-0.15720930232558128,yes,142135.00,1
KXNBAGAME-26JAN29MILWAS-WAS,Milwaukee at Washington Winner?,2026-01-30,Washington Wizards,Milwaukee Bucks,home,0.9,0.0,1.0,0.6635071090047394,-0.2364928909952606,yes,87542.00,1
KXNBAGAME-26JAN29OKCMIN-OKC,Oklahoma City at Minnesota Winner?,2026-01-30,Minnesota Timberwolves,Oklahoma City Thunder,away,0.69,0.0,1.0,0.3190045248868778,-0.37099547511312214,no,67138.00,0
KXNBAGAME-26JAN29SACPHI-SAC,Sacramento at Philadelphia Winner?,2026-01-30,Philadelphia 76ers,Sacramento Kings,away,0.44,0.0,1.0,0.21238938053097345,-0.22761061946902655,no,141164.00,0
KXNBAGAME-26JAN29HOUATL-HOU,Houston at Atlanta Winner?,2026-01-30,Atlanta Hawks,Houston Rockets,away,0.94,0.0,1.0,0.6596736596736597,-0.2803263403263403,yes,251180.00,1
KXNBAGAME-26JAN31SASCHA-SAS,San Antonio at Charlotte Winner?,2026-01-31,Charlotte Hornets,San Antonio Spurs,away,0.62,0.0,1.0,0.690744920993228,0.07074492099322804,no,14827.00,0
KXNBAGAME-26JAN30TORORL-TOR,Toronto at Orlando Winner?,2026-01-31,Orlando Magic,Toronto Raptors,away,0.45,0.0,1.0,0.4498714652956298,-0.00012853470437018677,no,158691.00,0
KXNBAGAME-26JAN30SACBOS-SAC,Sacramento at Boston Winner?,2026-01-31,Boston Celtics,Sacramento Kings,away,0.18,0.0,1.0,0.09154315605928509,-0.0884568439407149,no,120409.00,0
KXNBAGAME-26JAN30MEMNOP-NOP,Memphis at New Orleans Winner?,2026-01-31,New Orleans Pelicans,Memphis Grizzlies,home,0.73,0.0,1.0,0.5509138381201044,-0.17908616187989557,yes,158343.00,1
KXNBAGAME-26JAN30PORNYK-POR,Portland at New York Winner?,2026-01-31,New Orleans Pelicans,Memphis Grizzlies,home,0.11,0.0,1.0,0.5509138381201044,0.44091383812010443,no,135454.00,0
KXNBAGAME-26JAN30LACDEN-LAC,Los Angeles C at Denver Winner?,2026-01-31,Denver Nuggets,Los Angeles Clippers,away,0.06,0.0,1.0,0.3579952267303103,0.2979952267303103,no,75784.00,0
KXNBAGAME-26JAN30DETGSW-GSW,Detroit at Golden State Winner?,2026-01-31,Golden State Warriors,Detroit Pistons,home,0.38,0.0,1.0,0.44010416666666663,0.060104166666666625,no,173427.00,0
KXNBAGAME-26JAN30CLEPHX-PHX,Cleveland at Phoenix Winner?,2026-01-31,Phoenix Suns,Cleveland Cavaliers,home,0.95,0.0,1.0,0.633734939759036,-0.3162650602409639,yes,122345.00,1
KXNBAGAME-26JAN30BKNUTA-UTA,Brooklyn at Utah Winner?,2026-01-31,Utah Jazz,Brooklyn Nets,home,0.28,0.0,1.0,0.3428571428571429,0.06285714285714289,no,69989.00,0
KXNBAGAME-26JAN30LALWAS-WAS,Los Angeles L at Washington Winner?,2026-01-31,Washington Wizards,Los Angeles Lakers,home,0.17,0.0,1.0,0.028848900314195947,-0.14115109968580405,no,66335.00,0
KXNBAGAME-26JAN31ATLIND-IND,Atlanta at Indiana Winner?,2026-02-01,Indiana Pacers,Atlanta Hawks,home,0.53,0.0,1.0,0.35714285714285715,-0.17285714285714288,yes,59784.00,1
KXNBAGAME-26JAN31CHIMIA-MIA,Chicago at Miami Winner?,2026-02-01,Miami Heat,Chicago Bulls,home,0.68,0.0,1.0,0.5587467362924282,-0.12125326370757183,no,40466.00,0
KXNBAGAME-26JAN31DALHOU-HOU,Dallas at Houston Winner?,2026-02-01,Houston Rockets,Dallas Mavericks,home,0.82,0.0,1.0,0.7590132827324478,-0.060986717267552115,yes,26089.00,1
KXNBAGAME-26JAN31MINMEM-MIN,Minnesota at Memphis Winner?,2026-02-01,Memphis Grizzlies,Minnesota Timberwolves,away,0.81,0.0,1.0,0.909404659188956,0.09940465918895591,yes,30074.00,1
KXNBAGAME-26JAN31NOPPHI-PHI,New Orleans at Philadelphia Winner?,2026-02-01,Philadelphia 76ers,New Orleans Pelicans,home,0.72,0.0,1.0,0.7054945054945054,-0.014505494505494543,yes,58418.00,1
KXNBAGAME-26FEB01MILBOS-MIL,Milwaukee at Boston Winner?,2026-02-01,Boston Celtics,Milwaukee Bucks,away,0.17,0.0,1.0,0.1742424242424242,0.0042424242424241865,no,78542.00,0
KXNBAGAME-26FEB01ORLSAS-SAS,Orlando at San Antonio Winner?,2026-02-02,San Antonio Spurs,Orlando Magic,home,0.67,0.0,1.0,0.5555555555555556,-0.11444444444444446,yes,86655.00,1
KXNBAGAME-26FEB01UTATOR-UTA,Utah at Toronto Winner?,2026-02-02,Toronto Raptors,Utah Jazz,away,0.18,0.0,1.0,0.23076923076923078,0.05076923076923079,no,123965.00,0
KXNBAGAME-26FEB01SACWAS-WAS,Sacramento at Washington Winner?,2026-02-02,Washington Wizards,Sacramento Kings,home,0.45,0.0,1.0,0.7021739130434782,0.2521739130434782,yes,37831.00,1
KXNBAGAME-26FEB01LALNYK-NYK,Los Angeles L at New York Winner?,2026-02-02,New York Knicks,Los Angeles Lakers,home,0.53,0.0,1.0,0.5259067357512953,-0.004093264248704709,yes,93317.00,1
KXNBAGAME-26FEB01LACPHX-PHX,Los Angeles C at Phoenix Winner?,2026-02-02,New York Knicks,Los Angeles Lakers,away,0.01,0.0,1.0,0.3233256351039261,0.3133256351039261,no,224430.00,0
KXNBAGAME-26FEB01CLEPOR-POR,Cleveland at Portland Winner?,2026-02-02,Portland Trail Blazers,Cleveland Cavaliers,home,0.43,0.0,1.0,0.23639774859287055,-0.19360225140712944,no,90517.00,0
KXNBAGAME-26FEB01OKCDEN-OKC,Oklahoma City at Denver Winner?,2026-02-02,Denver Nuggets,Oklahoma City Thunder,away,0.72,0.0,1.0,0.7444668008048291,0.024466800804829103,yes,93082.00,1
KXNBAGAME-26FEB01BKNDET-DET,Brooklyn at Detroit Winner?,2026-02-02,Detroit Pistons,Brooklyn Nets,home,0.86,0.0,1.0,0.8827361563517916,0.022736156351791603,yes,19773.00,1
KXNBAGAME-26FEB01CHIMIA-MIA,Chicago at Miami Winner?,2026-02-02,Miami Heat,Chicago Bulls,home,0.64,0.0,1.0,0.8527851458885941,0.2127851458885941,yes,102427.00,1
KXNBAGAME-26FEB02HOUIND-IND,Houston at Indiana Winner?,2026-02-03,Indiana Pacers,Houston Rockets,home,0.35,0.0,1.0,0.3559322033898305,0.005932203389830526,no,125808.00,0
KXNBAGAME-26FEB02MINMEM-MIN,Minnesota at Memphis Winner?,2026-02-03,Memphis Grizzlies,Minnesota Timberwolves,away,0.73,0.0,1.0,0.43989769820971864,-0.29010230179028135,no,225993.00,0
KXNBAGAME-26FEB02NOPCHA-NOP,New Orleans at Charlotte Winner?,2026-02-03,Washington Wizards,New York Knicks,away,0.43,0.0,1.0,0.8468834688346885,0.41688346883468846,no,119252.00,0
KXNBAGAME-26FEB02PHILAC-PHI,Philadelphia at Los Angeles C Winner?,2026-02-03,Los Angeles Clippers,Philadelphia 76ers,away,0.84,0.0,1.0,0.8726635514018691,0.03266355140186916,yes,219269.00,1
KXNBAGAME-26FEB03CHIMIL-MIL,Chicago at Milwaukee Winner?,2026-02-04,Milwaukee Bucks,Chicago Bulls,home,0.44,0.0,1.0,0.8326118326118327,0.3926118326118327,yes,56043.00,1
KXNBAGAME-26FEB03UTAIND-UTA,Utah at Indiana Winner?,2026-02-04,Indiana Pacers,Utah Jazz,away,0.63,0.0,1.0,0.6210268948655256,-0.008973105134474357,yes,120075.00,1
KXNBAGAME-26FEB03PHXPOR-POR,Phoenix at Portland Winner?,2026-02-04,Portland Trail Blazers,Phoenix Suns,home,0.39,0.0,1.0,0.6328502415458938,0.24285024154589374,no,143046.00,0
KXNBAGAME-26FEB03PHIGSW-PHI,Philadelphia at Golden State Winner?,2026-02-04,Golden State Warriors,Philadelphia 76ers,away,0.52,0.0,1.0,0.6262376237623761,0.10623762376237611,yes,169088.00,1
KXNBAGAME-26FEB03DENDET-DET,Denver at Detroit Winner?,2026-02-04,Detroit Pistons,Denver Nuggets,home,0.66,0.0,1.0,0.6817155756207675,0.021715575620767424,yes,59421.00,1
KXNBAGAME-26FEB03NYKWAS-WAS,New York at Washington Winner?,2026-02-04,Washington Wizards,New York Knicks,home,0.16,0.0,1.0,0.07074175824175824,-0.08925824175824176,no,22220.00,0
KXNBAGAME-26FEB03LALBKN-LAL,Los Angeles L at Brooklyn Winner?,2026-02-04,Brooklyn Nets,Los Angeles Lakers,away,0.77,0.0,1.0,0.96875,0.19874999999999998,yes,83712.00,1
KXNBAGAME-26FEB03BOSDAL-DAL,Boston at Dallas Winner?,2026-02-04,Dallas Mavericks,Boston Celtics,home,0.3,0.0,1.0,0.2103448275862069,-0.08965517241379309,no,64492.00,0
KXNBAGAME-26FEB03ATLMIA-MIA,Atlanta at Miami Winner?,2026-02-04,Miami Heat,Atlanta Hawks,home,0.62,0.0,1.0,0.26597938144329897,-0.354020618556701,no,69099.00,0
KXNBAGAME-26FEB03ORLOKC-ORL,Orlando at Oklahoma City Winner?,2026-02-04,Oklahoma City Thunder,Orlando Magic,away,0.28,0.0,1.0,0.028848900314195947,-0.25115109968580407,no,87098.00,0
KXNBAGAME-26FEB04NOPMIL-NOP,New Orleans at Milwaukee Winner?,2026-02-05,New York Knicks,Denver Nuggets,home,0.63,0.0,1.0,0.38141809290953554,-0.24858190709046446,no,182015.00,0
KXNBAGAME-26FEB04MINTOR-TOR,Minnesota at Toronto Winner?,2026-02-05,Toronto Raptors,Minnesota Timberwolves,home,0.49,0.0,1.0,0.4311224489795918,-0.0588775510204082,no,149211.00,0
KXNBAGAME-26FEB04OKCSAS-SAS,Oklahoma City at San Antonio Winner?,2026-02-05,San Antonio Spurs,Oklahoma City Thunder,home,0.93,0.77,0.93,0.9070373588184187,-0.02296264118158131,yes,186220.00,1
KXNBAGAME-26FEB04DENNYK-NYK,Denver at New York Winner?,2026-02-05,New York Knicks,Denver Nuggets,home,0.64,0.64,0.66,0.6015228426395939,-0.03847715736040613,yes,282113.00,1
KXNBAGAME-26FEB04CLELAC-LAC,Cleveland at Los Angeles C Winner?,2026-02-05,Los Angeles Clippers,Cleveland Cavaliers,home,0.07,0.0,1.0,0.1791277258566978,0.1091277258566978,no,210110.00,0
KXNBAGAME-26FEB04BOSHOU-HOU,Boston at Houston Winner?,2026-02-05,Houston Rockets,Boston Celtics,home,0.06,0.0,1.0,0.6105527638190955,0.5505527638190955,no,217863.00,0
KXNBAGAME-26FEB04MEMSAC-SAC,Memphis at Sacramento Winner?,2026-02-05,Sacramento Kings,Memphis Grizzlies,home,0.76,0.55,0.76,0.6095717884130982,-0.15042821158690178,no,200333.00,0
KXNBAGAME-26FEB05BKNORL-ORL,Brooklyn at Orlando Winner?,2026-02-06,Orlando Magic,Brooklyn Nets,home,0.83,0.0,1.0,0.8876050420168067,0.05760504201680672,yes,97163.00,1
KXNBAGAME-26FEB05CHAHOU-HOU,Charlotte at Houston Winner?,2026-02-06,Houston Rockets,Charlotte Hornets,home,0.58,0.0,1.0,0.31756756756756754,-0.2624324324324324,no,128267.00,0
KXNBAGAME-26FEB05CHITOR-TOR,Chicago at Toronto Winner?,2026-02-06,Toronto Raptors,Chicago Bulls,home,0.87,0.0,1.0,0.8823529411764705,0.012352941176470456,yes,111131.00,1
KXNBAGAME-26FEB05GSWPHX-PHX,Golden State at Phoenix Winner?,2026-02-06,Phoenix Suns,Golden State Warriors,home,0.72,0.0,1.0,0.5846153846153845,-0.13538461538461544,no,313574.00,0
KXNBAGAME-26FEB05PHILAL-PHI,Philadelphia at Los Angeles L Winner?,2026-02-06,Los Angeles Lakers,Philadelphia 76ers,away,0.56,0.0,1.0,0.556135770234987,-0.0038642297650131052,no,161215.00,0
KXNBAGAME-26FEB05SASDAL-SAS,San Antonio at Dallas Winner?,2026-02-06,Dallas Mavericks,San Antonio Spurs,away,0.67,0.0,1.0,0.7331975560081467,0.0631975560081467,yes,150040.00,1
KXNBAGAME-26FEB05UTAATL-UTA,Utah at Atlanta Winner?,2026-02-06,Atlanta Hawks,Utah Jazz,away,0.28,0.0,1.0,0.38765432098765434,0.10765432098765432,no,148769.00,0
KXNBAGAME-26FEB05WASDET-WAS,Washington at Detroit Winner?,2026-02-06,Detroit Pistons,Washington Wizards,away,0.75,0.0,1.0,0.503957783641161,-0.24604221635883905,yes,158619.00,1
KXNBAGAME-26FEB07WASBKN-WAS,Washington at Brooklyn Winner?,2026-02-07,Brooklyn Nets,Washington Wizards,away,0.01,0.0,1.0,0.03739355794150315,0.027393557941503145,no,204521.00,0
KXNBAGAME-26FEB06NYKDET-NYK,New York at Detroit Winner?,2026-02-07,Detroit Pistons,New York Knicks,away,0.42,0.0,1.0,0.19865319865319864,-0.22134680134680135,no,201599.00,0
KXNBAGAME-26FEB06NOPMIN-NOP,New Orleans at Minnesota Winner?,2026-02-07,Detroit Pistons,New York Knicks,away,0.25,0.0,1.0,0.061941631923764146,-0.18805836807623585,yes,132173.00,1
KXNBAGAME-26FEB06LACSAC-SAC,Los Angeles C at Sacramento Winner?,2026-02-07,Sacramento Kings,Los Angeles Clippers,home,0.01,0.0,1.0,0.5380577427821522,0.5280577427821522,no,241837.00,0
KXNBAGAME-26FEB06MEMPOR-POR,Memphis at Portland Winner?,2026-02-07,Portland Trail Blazers,Memphis Grizzlies,home,0.79,0.0,1.0,0.5601023017902813,-0.22989769820971873,yes,250193.00,1
KXNBAGAME-26FEB06INDMIL-MIL,Indiana at Milwaukee Winner?,2026-02-07,Milwaukee Bucks,Indiana Pacers,home,0.9,0.0,1.0,0.3825,-0.5175000000000001,yes,210018.00,1
KXNBAGAME-26FEB06MIABOS-MIA,Miami at Boston Winner?,2026-02-07,Boston Celtics,Miami Heat,away,0.32,0.0,1.0,0.7692307692307693,0.44923076923076927,no,72479.00,0
KXNBAGAME-26FEB07HOUOKC-OKC,Houston at Oklahoma City Winner?,2026-02-07,Oklahoma City Thunder,Houston Rockets,home,0.01,0.0,1.0,0.8265460030165913,0.8165460030165913,no,199722.00,0
KXNBAGAME-26FEB07CHAATL-CHA,Charlotte at Atlanta Winner?,2026-02-08,Atlanta Hawks,Charlotte Hornets,away,0.56,0.0,1.0,0.5197889182058046,-0.040211081794195414,yes,140106.00,1
KXNBAGAME-26FEB07CLESAC-SAC,Cleveland at Sacramento Winner?,2026-02-08,Sacramento Kings,Cleveland Cavaliers,home,0.24,0.0,1.0,0.2299065420560748,-0.010093457943925188,no,298223.00,0
KXNBAGAME-26FEB07DALSAS-SAS,Dallas at San Antonio Winner?,2026-02-08,San Antonio Spurs,Dallas Mavericks,home,0.8,0.0,1.0,0.8455172413793104,0.04551724137931035,yes,96109.00,1
KXNBAGAME-26FEB07DENCHI-DEN,Denver at Chicago Winner?,2026-02-08,Chicago Bulls,Denver Nuggets,away,0.98,0.0,1.0,0.7693726937269373,-0.2106273062730627,yes,297092.00,1
KXNBAGAME-26FEB07GSWLAL-LAL,Golden State at Los Angeles L Winner?,2026-02-08,Los Angeles Lakers,Golden State Warriors,home,0.99,0.0,1.0,0.6015228426395939,-0.3884771573604061,yes,262356.00,1
KXNBAGAME-26FEB07MEMPOR-POR,Memphis at Portland Winner?,2026-02-08,Portland Trail Blazers,Memphis Grizzlies,home,0.74,0.0,1.0,0.7454909819639278,0.005490981963927832,yes,200225.00,1
KXNBAGAME-26FEB07UTAORL-UTA,Utah at Orlando Winner?,2026-02-08,Orlando Magic,Utah Jazz,away,0.34,0.0,1.0,0.26597938144329897,-0.07402061855670106,no,313497.00,0
KXNBAGAME-26FEB08INDTOR-TOR,Indiana at Toronto Winner?,2026-02-08,Toronto Raptors,Indiana Pacers,home,0.76,0.0,1.0,0.7524752475247526,-0.00752475247524742,yes,121556.00,1
KXNBAGAME-26FEB08LACMIN-MIN,Los Angeles C at Minnesota Winner?,2026-02-08,Minnesota Timberwolves,Los Angeles Clippers,home,0.75,0.0,1.0,0.7415506958250497,-0.008449304174950267,no,124110.00,0
KXNBAGAME-26FEB08MIAWAS-WAS,Miami at Washington Winner?,2026-02-08,Washington Wizards,Miami Heat,home,0.21,0.0,1.0,0.08786610878661089,-0.1221338912133891,no,92189.00,0
KXNBAGAME-26FEB08NYKBOS-NYK,New York at Boston Winner?,2026-02-08,Boston Celtics,New York Knicks,away,0.42,0.0,1.0,0.6588785046728972,0.23887850467289723,yes,174117.00,1
KXNBAGAME-26FEB07PHIPHX-PHX,Philadelphia at Phoenix Winner?,2026-02-08,Phoenix Suns,Philadelphia 76ers,home,0.24,0.0,1.0,0.5171503957783641,0.2771503957783641,no,268149.00,0
KXNBAGAME-26FEB09UTAMIA-UTA,Utah at Miami Winner?,2026-02-10,Miami Heat,Utah Jazz,away,0.28,0.0,1.0,0.257606490872211,-0.022393509127789035,yes,274327.00,1
KXNBAGAME-26FEB09PHIPOR-POR,Philadelphia at Portland Winner?,2026-02-10,Portland Trail Blazers,Philadelphia 76ers,home,0.89,0.0,1.0,0.4412532637075718,-0.4487467362924282,yes,290513.00,1
KXNBAGAME-26FEB09OKCLAL-OKC,Oklahoma City at Los Angeles L Winner?,2026-02-10,Los Angeles Lakers,Oklahoma City Thunder,away,0.56,0.0,1.0,0.6705607476635514,0.1105607476635514,yes,288282.00,1
KXNBAGAME-26FEB09MILORL-ORL,Milwaukee at Orlando Winner?,2026-02-10,Orlando Magic,Milwaukee Bucks,home,0.78,0.0,1.0,0.7999999999999999,0.019999999999999907,yes,34367.00,1
KXNBAGAME-26FEB09SACNOP-SAC,Sacramento at New Orleans Winner?,2026-02-10,New Orleans Pelicans,Sacramento Kings,away,0.07,0.0,1.0,0.12659698025551686,0.05659698025551685,no,172137.00,0
KXNBAGAME-26FEB09DETCHA-DET,Detroit at Charlotte Winner?,2026-02-10,Charlotte Hornets,Detroit Pistons,away,0.85,0.0,1.0,0.5171503957783641,-0.3328496042216359,yes,315706.00,1
KXNBAGAME-26FEB09ATLMIN-MIN,Atlanta at Minnesota Winner?,2026-02-10,Minnesota Timberwolves,Atlanta Hawks,home,0.98,0.0,1.0,0.8378766140602583,-0.14212338593974172,yes,167200.00,1
KXNBAGAME-26FEB09MEMGSW-MEM,Memphis at Golden State Winner?,2026-02-10,Golden State Warriors,Memphis Grizzlies,away,0.92,0.0,1.0,0.25656565656565655,-0.6634343434343435,no,462095.00,0
KXNBAGAME-26FEB09CLEDEN-DEN,Cleveland at Denver Winner?,2026-02-10,Denver Nuggets,Cleveland Cavaliers,home,0.69,0.0,1.0,0.7586872586872586,0.06868725868725867,no,170298.00,0
KXNBAGAME-26FEB09CHIBKN-CHI,Chicago at Brooklyn Winner?,2026-02-10,Brooklyn Nets,Chicago Bulls,away,0.21,0.0,1.0,0.5761421319796954,0.3661421319796955,no,324640.00,0
KXNBAGAME-26FEB10DALPHX-PHX,Dallas at Phoenix Winner?,2026-02-11,Phoenix Suns,Dallas Mavericks,home,0.94,0.0,1.0,0.9433962264150945,0.0033962264150945165,yes,348164.00,1
KXNBAGAME-26FEB10INDNYK-NYK,Indiana at New York Winner?,2026-02-11,New York Knicks,Indiana Pacers,home,0.84,0.0,1.0,0.7236286919831223,-0.11637130801687767,no,424031.00,0
KXNBAGAME-26FEB10LACHOU-LAC,Los Angeles C at Houston Winner?,2026-02-11,Houston Rockets,Los Angeles Clippers,away,0.29,0.0,1.0,0.25195312499999994,-0.038046875000000036,no,358141.00,0
KXNBAGAME-26FEB10SASLAL-SAS,San Antonio at Los Angeles L Winner?,2026-02-11,Los Angeles Lakers,San Antonio Spurs,away,0.85,0.0,1.0,0.9901960784313726,0.1401960784313726,yes,391218.00,1
KXNBAGAME-26FEB11WASCLE-WAS,Washington at Cleveland Winner?,2026-02-12,Cleveland Cavaliers,Washington Wizards,away,0.05,0.0,1.0,0.045888232621535664,-0.0041117673784643385,no,598133.00,0
KXNBAGAME-26FEB11SASGSW-SAS,San Antonio at Golden State Winner?,2026-02-12,Golden State Warriors,San Antonio Spurs,away,0.7,0.0,1.0,0.5601023017902813,-0.13989769820971865,yes,562772.00,1
KXNBAGAME-26FEB11SACUTA-UTA,Sacramento at Utah Winner?,2026-02-12,Utah Jazz,Sacramento Kings,home,0.98,0.0,1.0,0.9097162510748065,-0.07028374892519351,yes,489838.00,1
KXNBAGAME-26FEB11PORMIN-POR,Portland at Minnesota Winner?,2026-02-12,Minnesota Timberwolves,Portland Trail Blazers,away,0.07,0.0,1.0,0.1186813186813187,0.0486813186813187,no,278985.00,0
KXNBAGAME-26FEB11OKCPHX-PHX,Oklahoma City at Phoenix Winner?,2026-02-12,Phoenix Suns,Oklahoma City Thunder,home,0.01,0.0,1.0,0.16174402250351616,0.15174402250351615,no,531917.00,0
KXNBAGAME-26FEB11NYKPHI-PHI,New York at Philadelphia Winner?,2026-02-12,Philadelphia 76ers,New York Knicks,home,0.03,0.0,1.0,0.13580246913580246,0.10580246913580246,no,536962.00,0
KXNBAGAME-26FEB11MEMDEN-MEM,Memphis at Denver Winner?,2026-02-12,Denver Nuggets,Memphis Grizzlies,away,0.15,0.0,1.0,0.09385964912280703,-0.05614035087719296,no,422557.00,0
KXNBAGAME-26FEB11MIANOP-NOP,Miami at New Orleans Winner?,2026-02-12,Philadelphia 76ers,New York Knicks,away,0.03,0.0,1.0,0.972972972972973,0.942972972972973,no,310528.00,0
KXNBAGAME-26FEB11INDBKN-IND,Indiana at Brooklyn Winner?,2026-02-12,Brooklyn Nets,Indiana Pacers,away,0.49,0.0,1.0,0.1826625386996904,-0.3073374613003096,yes,379305.00,1
KXNBAGAME-26FEB11DETTOR-TOR,Detroit at Toronto Winner?,2026-02-12,Toronto Raptors,Detroit Pistons,home,0.02,0.0,1.0,0.34426229508196726,0.32426229508196724,no,634572.00,0
KXNBAGAME-26FEB11CHIBOS-CHI,Chicago at Boston Winner?,2026-02-12,Boston Celtics,Chicago Bulls,away,0.16,0.0,1.0,0.028848900314195947,-0.13115109968580405,no,298652.00,0
KXNBAGAME-26FEB11ATLCHA-CHA,Atlanta at Charlotte Winner?,2026-02-12,Charlotte Hornets,Atlanta Hawks,home,0.88,0.0,1.0,0.7274633123689728,-0.15253668763102723,yes,288303.00,1
KXNBAGAME-26FEB11MILORL-ORL,Milwaukee at Orlando Winner?,2026-02-12,Orlando Magic,Milwaukee Bucks,home,0.54,0.0,1.0,0.8138801261829653,0.2738801261829653,no,225127.00,0
KXNBAGAME-26FEB11LACHOU-LAC,Los Angeles C at Houston Winner?,2026-02-12,Houston Rockets,Los Angeles Clippers,away,0.54,0.0,1.0,0.1553398058252427,-0.38466019417475733,yes,311055.00,1
KXNBAGAME-26FEB12DALLAL-LAL,Dallas at Los Angeles L Winner?,2026-02-13,Los Angeles Lakers,Dallas Mavericks,home,0.76,0.0,1.0,0.6449275362318841,-0.11507246376811586,yes,369586.00,1
KXNBAGAME-26FEB12PORUTA-UTA,Portland at Utah Winner?,2026-02-13,Utah Jazz,Portland Trail Blazers,home,0.3,0.0,1.0,0.3832923832923833,0.08329238329238331,no,384948.00,0
KXNBAGAME-26FEB12MILOKC-OKC,Milwaukee at Oklahoma City Winner?,2026-02-13,Oklahoma City Thunder,Milwaukee Bucks,home,0.83,0.0,1.0,0.75,-0.07999999999999996,no,227705.00,0
KXNBAGAME-26FEB19ATLPHI-PHI,Atlanta at Philadelphia Winner?,2026-02-20,Philadelphia 76ers,Atlanta Hawks,home,0.53,0.0,1.0,0.4498714652956298,-0.0801285347043702,no,19136.00,0
KXNBAGAME-26FEB19TORCHI-TOR,Toronto at Chicago Winner?,2026-02-20,Chicago Bulls,Toronto Raptors,away,0.82,0.0,1.0,0.7274633123689728,-0.09253668763102718,yes,44014.00,1
KXNBAGAME-26FEB19PHXSAS-SAS,Phoenix at San Antonio Winner?,2026-02-20,San Antonio Spurs,Phoenix Suns,home,0.75,0.0,1.0,0.8675417661097852,0.11754176610978517,yes,9105.00,1
KXNBAGAME-26FEB19ORLSAC-SAC,Orlando at Sacramento Winner?,2026-02-20,Sacramento Kings,Orlando Magic,home,0.21,0.0,1.0,0.5342105263157895,0.3242105263157895,no,27037.00,0
KXNBAGAME-26FEB19DENLAC-LAC,Denver at Los Angeles C Winner?,2026-02-20,Los Angeles Clippers,Denver Nuggets,home,0.39,0.0,1.0,0.3482352941176471,-0.041764705882352926,yes,4496.00,1
KXNBAGAME-26FEB19HOUCHA-HOU,Houston at Charlotte Winner?,2026-02-20,Charlotte Hornets,Houston Rockets,away,0.64,0.0,1.0,0.39900249376558605,-0.24099750623441396,yes,6578.00,1
KXNBAGAME-26FEB19DETNYK-NYK,Detroit at New York Winner?,2026-02-20,New York Knicks,Detroit Pistons,home,0.69,0.0,1.0,0.537467700258398,-0.15253229974160198,no,6624.00,0
KXNBAGAME-26FEB19BOSGSW-GSW,Boston at Golden State Winner?,2026-02-20,Golden State Warriors,Boston Celtics,home,0.33,0.0,1.0,0.14285714285714285,-0.18714285714285717,no,19733.00,0
KXNBAGAME-26FEB19INDWAS-WAS,Indiana at Washington Winner?,2026-02-20,Washington Wizards,Indiana Pacers,home,0.74,0.0,1.0,0.4960422163588391,-0.24395778364116089,yes,26051.00,1
KXNBAGAME-26FEB19BKNCLE-CLE,Brooklyn at Cleveland Winner?,2026-02-20,Cleveland Cavaliers,Brooklyn Nets,home,0.99,0.0,1.0,0.9626064420584968,-0.02739355794150322,yes,14346.00,1
KXNBAGAME-26FEB20MILNOP-NOP,Milwaukee at New Orleans Winner?,2026-02-21,New Orleans Pelicans,Milwaukee Bucks,home,0.61,0.0,1.0,0.6365853658536585,0.02658536585365856,no,18282.00,0
KXNBAGAME-26FEB20MIAATL-MIA,Miami at Atlanta Winner?,2026-02-21,Atlanta Hawks,Miami Heat,away,0.78,0.0,1.0,0.7524177949709866,-0.02758220502901343,yes,83138.00,1
KXNBAGAME-26FEB20UTAMEM-UTA,Utah at Memphis Winner?,2026-02-21,Memphis Grizzlies,Utah Jazz,away,0.51,0.0,1.0,0.6140350877192983,0.10403508771929826,no,30173.00,0
KXNBAGAME-26FEB20DENPOR-POR,Denver at Portland Winner?,2026-02-21,Portland Trail Blazers,Denver Nuggets,home,0.47,0.0,1.0,0.25502008032128515,-0.21497991967871483,no,77257.00,0
KXNBAGAME-26FEB20DALMIN-MIN,Dallas at Minnesota Winner?,2026-02-21,Minnesota Timberwolves,Dallas Mavericks,home,0.85,0.0,1.0,0.937007874015748,0.08700787401574805,yes,20775.00,1
KXNBAGAME-26FEB20CLECHA-CLE,Cleveland at Charlotte Winner?,2026-02-21,Charlotte Hornets,Cleveland Cavaliers,away,0.67,0.0,1.0,0.7878260869565217,0.11782608695652164,yes,29645.00,1
KXNBAGAME-26FEB20BKNOKC-OKC,Brooklyn at Oklahoma City Winner?,2026-02-21,Oklahoma City Thunder,Brooklyn Nets,home,0.92,0.0,1.0,0.833810888252149,-0.08618911174785104,yes,15215.00,1
KXNBAGAME-26FEB20INDWAS-WAS,Indiana at Washington Winner?,2026-02-21,Washington Wizards,Indiana Pacers,home,0.47,0.0,1.0,0.4498714652956298,-0.02012853470437015,yes,44117.00,1
KXNBAGAME-26FEB20LACLAL-LAL,Los Angeles C at Los Angeles L Winner?,2026-02-21,Los Angeles Lakers,Los Angeles Clippers,home,0.65,0.0,1.0,0.6967032967032967,0.04670329670329665,yes,50293.00,1
KXNBAGAME-26FEB21DETCHI-DET,Detroit at Chicago Winner?,2026-02-22,Chicago Bulls,Detroit Pistons,away,0.84,0.0,1.0,0.7811387900355872,-0.0588612099644128,yes,82004.00,1
KXNBAGAME-26FEB21HOUNYK-NYK,Houston at New York Winner?,2026-02-22,New Orleans Pelicans,Philadelphia 76ers,home,0.8,0.0,1.0,0.9711510996858042,0.1711510996858041,yes,107026.00,1
KXNBAGAME-26FEB21MEMMIA-MIA,Memphis at Miami Winner?,2026-02-22,Miami Heat,Memphis Grizzlies,home,0.99,0.0,1.0,0.8328530259365994,-0.1571469740634006,yes,102017.00,1
KXNBAGAME-26FEB21ORLPHX-PHX,Orlando at Phoenix Winner?,2026-02-22,Phoenix Suns,Orlando Magic,home,0.61,0.0,1.0,0.5277044854881265,-0.08229551451187345,yes,80400.00,1
KXNBAGAME-26FEB21PHINOP-PHI,Philadelphia at New Orleans Winner?,2026-02-22,New Orleans Pelicans,Philadelphia 76ers,away,0.61,0.0,1.0,0.7054945054945054,0.09549450549450544,no,114155.00,0
KXNBAGAME-26FEB21SACSAS-SAS,Sacramento at San Antonio Winner?,2026-02-22,San Antonio Spurs,Sacramento Kings,home,0.93,0.0,1.0,0.9013824884792626,-0.028617511520737438,yes,18300.00,1
KXNBAGAME-26FEB22BKNATL-BKN,Brooklyn at Atlanta Winner?,2026-02-22,Atlanta Hawks,Brooklyn Nets,away,0.38,0.0,1.0,0.2319109461966605,-0.1480890538033395,no,131011.00,0
KXNBAGAME-26FEB22CLEOKC-OKC,Cleveland at Oklahoma City Winner?,2026-02-22,Oklahoma City Thunder,Cleveland Cavaliers,home,0.6,0.0,1.0,0.6720930232558139,0.0720930232558139,yes,76072.00,1
KXNBAGAME-26FEB22DENGSW-GSW,Denver at Golden State Winner?,2026-02-22,Golden State Warriors,Denver Nuggets,home,0.34,0.0,1.0,0.5438144329896907,0.20381443298969065,yes,140020.00,1
KXNBAGAME-26FEB22TORMIL-TOR,Toronto at Milwaukee Winner?,2026-02-22,Milwaukee Bucks,Toronto Raptors,away,0.71,0.0,1.0,0.503957783641161,-0.20604221635883901,yes,101308.00,1
KXNBAGAME-26FEB22ORLLAC-ORL,Orlando at Los Angeles C Winner?,2026-02-23,Los Angeles Clippers,Orlando Magic,away,0.48,0.47,0.48,0.4684210526315789,-0.011578947368421078,yes,113565.00,1
KXNBAGAME-26FEB22BOSLAL-LAL,Boston at Los Angeles L Winner?,2026-02-23,Los Angeles Lakers,Boston Celtics,home,0.48,0.47,0.48,0.4543080939947781,-0.025691906005221865,no,57269.00,0
KXNBAGAME-26FEB22CHAWAS-WAS,Charlotte at Washington Winner?,2026-02-23,Washington Wizards,Charlotte Hornets,home,0.2,0.13,0.2,0.17557251908396945,-0.02442748091603056,no,89357.00,0
KXNBAGAME-26FEB22PHIMIN-PHI,Philadelphia at Minnesota Winner?,2026-02-23,Minnesota Timberwolves,Philadelphia 76ers,away,0.29,0.26,0.29,0.5736040609137056,0.28360406091370566,yes,75009.00,1
KXNBAGAME-26FEB22PORPHX-POR,Portland at Phoenix Winner?,2026-02-23,Phoenix Suns,Portland Trail Blazers,away,0.6,0.59,0.6,0.5746835443037974,-0.025316455696202556,yes,143077.00,1
KXNBAGAME-26FEB22NYKCHI-NYK,New York at Chicago Winner?,2026-02-23,Chicago Bulls,New York Knicks,away,0.82,0.81,0.82,0.6133004926108374,-0.20669950738916254,yes,51478.00,1
KXNBAGAME-26FEB22DALIND-IND,Dallas at Indiana Winner?,2026-02-23,Indiana Pacers,Dallas Mavericks,home,0.15,0.15,0.16,0.4684210526315789,0.31842105263157894,no,102137.00,0
KXNBAGAME-26FEB23SACMEM-SAC,Sacramento at Memphis Winner?,2026-02-24,Memphis Grizzlies,Sacramento Kings,away,0.35,0.34,0.35,0.5871794871794872,0.23717948717948723,yes,157016.00,1
KXNBAGAME-26FEB23SASDET-SAS,San Antonio at Detroit Winner?,2026-02-24,Detroit Pistons,San Antonio Spurs,away,0.47,0.46,0.47,0.406015037593985,-0.06398496240601498,yes,298341.00,1
KXNBAGAME-26FEB23UTAHOU-UTA,Utah at Houston Winner?,2026-02-24,Houston Rockets,Utah Jazz,away,0.15,0.15,0.16,0.05865764241398758,-0.09134235758601242,no,108838.00,0
KXNBAGAME-26FEB24ORLLAL-ORL,Orlando at Los Angeles L Winner?,2026-02-25,Los Angeles Lakers,Orlando Magic,away,0.35,0.37,0.38,0.21541155866900177,-0.1345884413309982,yes,481319.00,1
KXNBAGAME-26FEB24OKCTOR-OKC,Oklahoma City at Toronto Winner?,2026-02-25,Toronto Raptors,Oklahoma City Thunder,away,0.59,0.58,0.59,0.41902313624678666,-0.1709768637532133,yes,54717.00,1
KXNBAGAME-26FEB24NYKCLE-NYK,New York at Cleveland Winner?,2026-02-25,Cleveland Cavaliers,New York Knicks,away,0.37,0.37,0.38,0.29515418502202645,-0.07484581497797355,no,19708.00,0
KXNBAGAME-26FEB24BOSPHX-PHX,Boston at Phoenix Winner?,2026-02-25,Phoenix Suns,Boston Celtics,home,0.35,0.35,0.39,0.42010309278350516,0.07010309278350518,no,98657.00,0
KXNBAGAME-26FEB24MIAMIL-MIL,Miami at Milwaukee Winner?,2026-02-25,Milwaukee Bucks,Miami Heat,home,0.38,0.38,0.39,0.3420427553444181,-0.03795724465558192,yes,105205.00,1
KXNBAGAME-26FEB24CHACHI-CHI,Charlotte at Chicago Winner?,2026-02-25,Chicago Bulls,Charlotte Hornets,home,0.32,0.32,0.34,0.30561797752808995,-0.014382022471910061,no,95124.00,0
KXNBAGAME-26FEB24MINPOR-MIN,Minnesota at Portland Winner?,2026-02-25,Portland Trail Blazers,Minnesota Timberwolves,away,0.59,0.58,0.59,0.8120063191153238,0.22200631911532387,yes,266605.00,1
KXNBAGAME-26FEB24WASATL-WAS,Washington at Atlanta Winner?,2026-02-25,Atlanta Hawks,Washington Wizards,away,0.14,0.14,0.15,0.050949050949050945,-0.08905094905094907,no,99465.00,0
KXNBAGAME-26APR12WASCLE-WAS,Washington at Cleveland Winner?,2026-04-13,Cleveland Cavaliers,Washington Wizards,away,0.2,0.01,1.0,0.045888232621535664,-0.15411176737846435,no,768083.90,0
KXNBAGAME-26APR12SACPOR-SAC,Sacramento at Portland Winner?,2026-04-13,Portland Trail Blazers,Sacramento Kings,away,0.1,0.01,0.1,0.07412687099073414,-0.02587312900926586,no,154554.08,0
KXNBAGAME-26APR12ORLBOS-ORL,Orlando at Boston Winner?,2026-04-13,Boston Celtics,Orlando Magic,away,0.75,0.05,0.75,0.8834951456310679,0.1334951456310679,no,327588.76,0
KXNBAGAME-26APR12NOPMIN-NOP,New Orleans at Minnesota Winner?,2026-04-13,Minnesota Timberwolves,New Orleans Pelicans,away,0.23,0.11,1.0,0.37376237623762376,0.14376237623762375,no,170676.75,0
KXNBAGAME-26APR12MILPHI-PHI,Milwaukee at Philadelphia Winner?,2026-04-13,Philadelphia 76ers,Milwaukee Bucks,home,0.93,0.77,0.93,0.8876050420168067,-0.04239495798319337,yes,99333.88,1
KXNBAGAME-26APR12MEMHOU-MEM,Memphis at Houston Winner?,2026-04-13,Houston Rockets,Memphis Grizzlies,away,0.11,0.1,0.11,0.087893864013267,-0.022106135986733,no,35174.99,0
KXNBAGAME-26APR12GSWLAC-LAC,Golden State at Los Angeles C Winner?,2026-04-13,Los Angeles Lakers,Utah Jazz,home,0.73,0.01,1.0,0.9402985074626865,0.21029850746268652,yes,160352.64,1
KXNBAGAME-26APR12DETIND-IND,Detroit at Indiana Winner?,2026-04-13,Indiana Pacers,Detroit Pistons,home,0.12,0.05,0.12,0.07407407407407408,-0.04592592592592591,no,254636.08,0
KXNBAGAME-26APR12DENSAS-SAS,Denver at San Antonio Winner?,2026-04-13,San Antonio Spurs,Denver Nuggets,home,0.41,0.41,0.7,0.5625,0.15250000000000002,no,171238.51,0
KXNBAGAME-26APR12CHIDAL-DAL,Chicago at Dallas Winner?,2026-04-13,Dallas Mavericks,Chicago Bulls,home,0.97,0.01,0.99,0.8940137389597643,-0.07598626104023565,yes,51597.70,1
KXNBAGAME-26APR12CHANYK-NYK,Charlotte at New York Winner?,2026-04-13,New York Knicks,Charlotte Hornets,home,0.64,0.12,0.64,0.08853288364249579,-0.5514671163575042,no,436205.69,0
KXNBAGAME-26APR12BKNTOR-TOR,Brooklyn at Toronto Winner?,2026-04-13,Toronto Raptors,Brooklyn Nets,home,0.97,0.01,1.0,0.9711510996858042,0.00115109968580418,yes,212620.20,1
KXNBAGAME-26APR12ATLMIA-MIA,Atlanta at Miami Winner?,2026-04-13,Miami Heat,Atlanta Hawks,home,0.94,0.01,1.0,0.9425863991081382,0.002586399108138293,yes,325058.38,1
KXNBAGAME-26APR12UTALAL-UTA,Utah at Los Angeles L Winner?,2026-04-13,Los Angeles Lakers,Utah Jazz,away,0.05,0.02,0.05,0.059701492537313446,0.009701492537313443,no,325498.49,0
KXNBAGAME-26APR12PHXOKC-PHX,Phoenix at Oklahoma City Winner?,2026-04-13,Oklahoma City Thunder,Phoenix Suns,away,0.9,0.69,1.0,0.8431911966987621,-0.05680880330123794,yes,186244.37,1
KXNBAGAME-26APR14MIACHA-MIA,Miami at Charlotte Winner?,2026-04-15,Charlotte Hornets,Miami Heat,away,0.33,0.32,0.33,0.2937365010799136,-0.0362634989200864,no,183556.32,0
KXNBAGAME-26APR14PORPHX-POR,Portland at Phoenix Winner?,2026-04-15,Phoenix Suns,Portland Trail Blazers,away,0.41,0.4,0.41,0.34855769230769235,-0.06144230769230763,yes,40654.87,1
KXNBAGAME-26APR15GSWLAC-LAC,Golden State at Los Angeles C Winner?,2026-04-16,Los Angeles Clippers,Golden State Warriors,home,0.65,0.64,0.65,0.6473429951690821,-0.0026570048309179084,no,149704.39,0
KXNBAGAME-26APR15ORLPHI-PHI,Orlando at Philadelphia Winner?,2026-04-16,Philadelphia 76ers,Orlando Magic,home,0.56,0.54,0.56,0.549738219895288,-0.010261780104712015,yes,52801.80,1
KXNBAGAME-26APR17CHAORL-ORL,Charlotte at Orlando Winner?,2026-04-18,Orlando Magic,Charlotte Hornets,home,0.42,0.39,0.42,0.7815884476534296,0.3615884476534296,yes,33308.10,1
KXNBAGAME-26APR17GSWPHX-PHX,Golden State at Phoenix Winner?,2026-04-18,Phoenix Suns,Golden State Warriors,home,0.81,0.73,0.81,0.7470588235294118,-0.06294117647058828,yes,48881.70,1
KXNBAGAME-26APR18TORCLE-TOR,Toronto at Cleveland Winner?,2026-04-18,Cleveland Cavaliers,Toronto Raptors,away,0.3,0.22,0.3,0.21769911504424777,-0.08230088495575222,no,185509.51,0
KXNBAGAME-26APR18MINDEN-MIN,Minnesota at Denver Winner?,2026-04-18,Denver Nuggets,Minnesota Timberwolves,away,0.31,0.3,0.31,0.4651162790697674,0.15511627906976738,no,191378.15,0
KXNBAGAME-26APR18HOULAL-LAL,Houston at Los Angeles L Winner?,2026-04-19,Los Angeles Lakers,Houston Rockets,home,0.99,0.35,0.99,0.5412371134020618,-0.44876288659793817,yes,60403.87,1
KXNBAGAME-26APR19PHIBOS-PHI,Game 1: Philadelphia at Boston Winner?,2026-04-19,Boston Celtics,Philadelphia 76ers,away,0.13,0.06,0.13,0.02702702702702703,-0.10297297297297298,no,65211.87,0
KXNBAGAME-26APR19PHXOKC-PHX,Game 1: Phoenix at Oklahoma City Winner?,2026-04-19,Oklahoma City Thunder,Phoenix Suns,away,0.1,0.08,0.1,0.03125,-0.06875,no,58467.66,0
KXNBAGAME-26APR18ATLNYK-NYK,Atlanta at New York Winner?,2026-04-19,New York Knicks,Atlanta Hawks,home,0.98,0.84,0.98,0.7514563106796117,-0.22854368932038827,yes,39600.66,1
KXNBAGAME-26APR19ORLDET-ORL,Game 1: Orlando at Detroit Winner?,2026-04-20,Detroit Pistons,Orlando Magic,away,0.63,0.61,1.0,0.3832923832923833,-0.2467076167076167,yes,97790.97,1
KXNBAGAME-26APR19PORSAS-SAS,Game 1: Portland at San Antonio Winner?,2026-04-20,San Antonio Spurs,Portland Trail Blazers,home,0.96,0.83,0.96,0.8724137931034482,-0.08758620689655172,yes,96135.58,1
KXNBAGAME-26APR20ATLNYK-NYK,Game 2: Atlanta at New York Winner?,2026-04-21,New York Knicks,Atlanta Hawks,home,0.87,0.01,0.94,0.6744186046511629,-0.19558139534883712,no,124543.60,0
KXNBAGAME-26APR20MINDEN-MIN,Game 2: Minnesota at Denver Winner?,2026-04-21,Denver Nuggets,Minnesota Timberwolves,away,0.6,0.57,1.0,0.10840932117527861,-0.49159067882472135,yes,432559.27,1
KXNBAGAME-26APR20TORCLE-TOR,Game 2: Toronto at Cleveland Winner?,2026-04-21,Cleveland Cavaliers,Toronto Raptors,away,0.24,0.09,0.24,0.14973262032085563,-0.09026737967914436,no,361919.28,0
KXNBAGAME-26APR21HOULAL-LAL,Game 2: Houston at Los Angeles L Winner?,2026-04-22,Los Angeles Lakers,Houston Rockets,home,0.72,0.71,0.72,0.4671916010498688,-0.2528083989501312,yes,527939.04,1
KXNBAGAME-26APR21PHIBOS-PHI,Game 2: Philadelphia at Boston Winner?,2026-04-22,Boston Celtics,Philadelphia 76ers,away,0.65,0.99,1.0,0.12101210121012103,-0.528987898789879,yes,272766.88,1
KXNBAGAME-26APR21PORSAS-SAS,Game 2: Portland at San Antonio Winner?,2026-04-22,San Antonio Spurs,Portland Trail Blazers,home,0.88,0.88,0.89,0.761996161228407,-0.11800383877159304,no,400312.45,0
KXNBAGAME-26APR22ORLDET-ORL,Game 2: Orlando at Detroit Winner?,2026-04-23,Detroit Pistons,Orlando Magic,away,0.19,0.01,1.0,0.21164021164021166,0.021640211640211654,no,219641.89,0
KXNBAGAME-26APR22PHXOKC-PHX,Game 2: Phoenix at Oklahoma City Winner?,2026-04-23,Oklahoma City Thunder,Phoenix Suns,away,0.1,0.07,0.1,0.08160123171670516,-0.018398768283294842,no,269635.09,0
KXNBAGAME-26APR23CLETOR-TOR,Game 3: Cleveland at Toronto Winner?,2026-04-24,Toronto Raptors,Cleveland Cavaliers,home,0.48,0.46,1.0,0.5523560209424083,0.07235602094240834,yes,334565.69,1
KXNBAGAME-26APR23NYKATL-NYK,Game 3: New York at Atlanta Winner?,2026-04-24,Atlanta Hawks,New York Knicks,away,0.36,0.01,0.38,0.2958057395143488,-0.06419426048565119,no,201885.01,0
KXNBAGAME-26APR23DENMIN-MIN,Game 3: Denver at Minnesota Winner?,2026-04-24,Minnesota Timberwolves,Denver Nuggets,home,0.91,0.78,0.91,0.7460629921259841,-0.16393700787401588,yes,311690.84,1
KXNBAGAME-26APR24LALHOU-LAL,Game 3: Los Angeles L at Houston Winner?,2026-04-25,Houston Rockets,Los Angeles Lakers,away,0.47,0.47,1.0,0.6945054945054945,0.2245054945054945,yes,1089167.05,1
KXNBAGAME-26APR24BOSPHI-PHI,Game 3: Boston at Philadelphia Winner?,2026-04-25,Philadelphia 76ers,Boston Celtics,home,0.09,0.01,0.09,0.17008797653958943,0.08008797653958943,no,492339.08,0
KXNBAGAME-26APR25OKCPHX-PHX,Game 3: Oklahoma City at Phoenix Winner?,2026-04-25,Phoenix Suns,Oklahoma City Thunder,home,0.23,0.14,0.23,0.17857142857142855,-0.05142857142857146,no,782478.43,0
KXNBAGAME-26APR24SASPOR-SAS,Game 3: San Antonio at Portland Winner?,2026-04-25,Portland Trail Blazers,San Antonio Spurs,away,0.57,0.57,0.61,0.5509138381201044,-0.019086161879895536,yes,835384.53,1
KXNBAGAME-26APR25DETORL-ORL,Game 3: Detroit at Orlando Winner?,2026-04-25,Orlando Magic,Detroit Pistons,home,0.82,0.43,0.9,0.43896103896103894,-0.381038961038961,yes,323214.13,1
KXNBAGAME-26APR26CLETOR-TOR,Game 4: Cleveland at Toronto Winner?,2026-04-26,Toronto Raptors,Cleveland Cavaliers,home,0.43,0.43,1.0,0.3042505592841164,-0.12574944071588362,yes,1223701.88,1
KXNBAGAME-26APR25DENMIN-MIN,Game 4: Denver at Minnesota Winner?,2026-04-26,Minnesota Timberwolves,Denver Nuggets,home,0.94,0.93,0.96,0.4311224489795918,-0.5088775510204082,yes,676438.72,1
KXNBAGAME-26APR25NYKATL-NYK,Game 4: New York at Atlanta Winner?,2026-04-26,Atlanta Hawks,New York Knicks,away,0.8,0.55,0.99,0.6611374407582938,-0.1388625592417062,yes,502093.00,1
KXNBAGAME-26APR26SASPOR-SAS,Game 4: San Antonio at Portland Winner?,2026-04-26,Portland Trail Blazers,San Antonio Spurs,away,0.72,0.65,0.72,0.5523560209424083,-0.16764397905759165,yes,709932.54,1
KXNBAGAME-26APR26BOSPHI-PHI,Game 4: Boston at Philadelphia Winner?,2026-04-27,Philadelphia 76ers,Boston Celtics,home,0.65,0.01,1.0,0.09963099630996311,-0.5503690036900369,no,647529.78,0
KXNBAGAME-26APR26LALHOU-LAL,Game 4: Los Angeles L at Houston Winner?,2026-04-27,Houston Rockets,Los Angeles Lakers,away,0.32,0.0,0.32,0.41538461538461535,0.09538461538461535,no,1283406.40,0
KXNBAGAME-26APR27DETORL-ORL,Game 4: Detroit at Orlando Winner?,2026-04-28,Orlando Magic,Detroit Pistons,home,0.01,0.01,0.8,0.44270833333333337,0.43270833333333336,yes,373766.98,1
KXNBAGAME-26APR27MINDEN-MIN,Game 5: Minnesota at Denver Winner?,2026-04-28,Denver Nuggets,Minnesota Timberwolves,away,0.15,0.07,0.15,0.13132530120481928,-0.018674698795180716,no,783584.15,0
KXNBAGAME-26APR27OKCPHX-PHX,Game 4: Oklahoma City at Phoenix Winner?,2026-04-28,Phoenix Suns,Oklahoma City Thunder,home,0.04,0.01,0.04,0.24901185770750986,0.20901185770750985,no,870261.91,0
KXNBAGAME-26APR28ATLNYK-NYK,Game 5: Atlanta at New York Winner?,2026-04-29,New York Knicks,Atlanta Hawks,home,0.94,0.01,0.94,0.8236196319018405,-0.11638036809815944,yes,24079.46,1
KXNBAGAME-26APR28PHIBOS-PHI,Game 5: Philadelphia at Boston Winner?,2026-04-29,Boston Celtics,Philadelphia 76ers,away,0.69,0.68,0.69,0.22303473491773307,-0.4669652650822669,yes,830420.73,1
KXNBAGAME-26APR28PORSAS-SAS,Game 5: Portland at San Antonio Winner?,2026-04-29,San Antonio Spurs,Portland Trail Blazers,home,0.98,0.95,0.98,0.8997214484679665,-0.08027855153203345,yes,281543.26,1
KXNBAGAME-26APR30NYKATL-NYK,Game 6: New York at Atlanta Winner?,2026-04-30,Atlanta Hawks,New York Knicks,away,0.89,0.0,1.0,0.5764411027568922,-0.3135588972431078,yes,186512.98,1
KXNBAGAME-26APR29HOULAL-LAL,Game 5: Houston at Los Angeles L Winner?,2026-04-30,Los Angeles Lakers,Houston Rockets,home,0.01,0.01,0.1,0.7334710743801653,0.7234710743801653,no,81962.83,0
KXNBAGAME-26APR29ORLDET-ORL,Game 5: Orlando at Detroit Winner?,2026-04-30,Detroit Pistons,Orlando Magic,away,0.24,0.02,0.24,0.1745068285280728,-0.06549317147192718,no,345409.03,0
KXNBAGAME-26APR29TORCLE-TOR,Game 5: Toronto at Cleveland Winner?,2026-04-30,Cleveland Cavaliers,Toronto Raptors,away,0.41,0.19,0.41,0.28601694915254233,-0.12398305084745764,no,275651.80,0
KXNBAGAME-26APR30BOSPHI-PHI,Game 6: Boston at Philadelphia Winner?,2026-04-30,Philadelphia 76ers,Boston Celtics,home,0.96,0.0,1.0,0.32062780269058294,-0.6393721973094171,yes,97996.19,1
KXNBAGAME-26APR30DENMIN-MIN,Game 6: Denver at Minnesota Winner?,2026-04-30,Minnesota Timberwolves,Denver Nuggets,home,0.81,0.0,1.0,0.31125827814569534,-0.4987417218543047,yes,349080.37,1
KXNBAGAME-26MAY01CLETOR-TOR,Game 6: Cleveland at Toronto Winner?,2026-05-01,Toronto Raptors,Cleveland Cavaliers,home,0.39,0.38,0.39,0.37081339712918665,-0.019186602870813363,yes,1046920.94,1
KXNBAGAME-26MAY01DETORL-ORL,Game 6: Detroit at Orlando Winner?,2026-05-01,Orlando Magic,Detroit Pistons,home,0.4,0.39,0.4,0.39460784313725494,-0.005392156862745079,no,198950.71,0
KXNBAGAME-26MAY01LALHOU-LAL,Game 6: Los Angeles L at Houston Winner?,2026-05-02,Houston Rockets,Los Angeles Lakers,away,0.41,0.4,0.41,0.7041036717062635,0.29410367170626356,yes,97736.49,1
